Date,Payee,Amount,Category,Reference No.,Notes,Bank Details,Message ID,Type,Source
2026-09-26,AAYUSHI USHAKANT DUDHIYA,20,Income,XXXX,," HDFC BANK 
<https://trkt.aclemails.com/v1/r/0eRIdiStB5saEmeTZivd65eigFzxogZ3sMxqowU6l9%2BwEYf935KNBAaBq53H5xzIO1TNR2Zi7vl5LVEdYHkrmqYkrG61EaLkg%2FFltMh8L9qLbDfOtbhn1b6PYr9C6tZ5ghZncDOsugsMigV%2FZmJNyLq6zUJAsr0cJwNBPGGOceKgKKF6vZjURhfAi4eY2Ao%2BOYFPNk%2FYggzGk32PI8YK6slym6PXKWk%2F0QLD9SAA74HqxYdWB%2BzKv3uAsBqs0%2B5QitgvO3%2FBXylgZ0Or33VnJqFyx7%2FGUCpRh6uwQbVLzIpUce%2FDkzzBBvykKehb2Tb73f3pgHFYy5YKn64TEXoLCsiwK79uAsoK5mUGEn5gK3T9oTt7L%2BPWC%2BcICcgFpI%2F8YKIcvtDHOwB5ywZlsmqf6g%3D%3D> 
Dear Custome",1a0d9d5b3e0539bd,credit,ai
2026-09-25,Aayushi Ushakant Dud,10,Other,663425297257,," HDFC BANK 
<https://trkt.aclemails.com/v1/r/mlXE1GdauwB9Z0rVEjRlWH7kuipvRGf74aGO2s8j8wwCdhquw4To8HbZPjrPF8H919smupPpXXMbP61uAQSJBkkz87qjQvnD66Z0aCI4UL7132PxyUnJgss1d4LpIhaK0Zadk%2Bexv2X7zy8%2BmkKoKJdzR0W12hrlu%2FlDbauP5ex1pCWy1lWStaFHk2wLw6I5zbV8Hh0HginLeNlrkIZvgVc7YAYQzh9fSnA8%2Fvz2ggQeqwGkzlsTSWRkrRIdnmsXLGHbY6tjESh1YXitmZUn65fwdpXo6PcZTWA22xIkfvm9fXUNL8CssEjwGpZdIdkReX8%2FxXJRizfUJasgR0H6d%2BNHXBRWxLpuCMNACIAyZgd2%2Fk6D8fZUiXeNYQbuuLCYY6GmVGFZqs%2BW8Buo1%2BP9> 
Dear Customer,

Greetings from",1a0d9be2b6277f5c,debit,regex
2026-09-25,Mr Harsh Kiranbhai Patel,10,Other,663423780904,," HDFC BANK 
<https://v.hdfcbank.com/mobileappdownload.html?utm_medium=Email&utm_source=Email&utm_term=InstaAlert&utm_creative=Default&utm_content=DA_Download&utm_campaign=DA_InacBase_Marketing_Default> 
Dear Customer,

Greetings from HDFC Bank!

Rs.10.00 is debited from your account ending 1771 towards VPA 
harshpatel.0304-1@okhdfcbank (Mr Harsh Kiranbhai Patel) on 25-09-26.

UPI transaction reference no.: 663423780904.

If you did not authorize this transaction, please report it immediately at:",1a0d934bc43459a9,debit,regex
2026-09-25,Mr Harsh Kiranbhai Patel,110,Other,663423766732,," HDFC BANK 
<https://trkt.aclemails.com/v1/r/lhfuIoUsCcPfB9Lwv3jq%2F9OTTYkH08BSJTvZrAOMUBKHoKhx9LviVpr39aqkbwooDOKFX5OuzkcrVKre%2FTawduW7SfSJbCDUMsT9boCwllRZ50VWcbCehoUVjOlyJMnljCA6RYVVTQZ1KZhWaUZxL23QZtg8hrISy63%2BjwZwnSbkEFfnRj7ExGOj%2Fin4a7m3PhBU4DvgqmZlhG3xT20Wa5qR9d5yyVU2HC1O7oDn3Vp7pWqKYDGH7ipeSe%2FSRhFV6AjtiXy2TuVwMQ0N2M6M0%2B97XGva%2FuDAxw25EHkb931j7bHuCxCTlfFkq0CWZ%2B%2BjNkizgbH0JebEoDi%2B1Rmh3RIpIu%2FyhKUrRlwd21aBNs64W%2Fc49amkM8L%2B9A6sfqnJjo0AGN1PF5vOHAQjQEBIOw%3D%3D> 
Dear Customer,",1a0d933f8d0eba30,debit,regex
2026-09-25,Mr Harsh Kiranbhai Patel,200,Other,663423592858,," HDFC BANK 
<https://trkt.aclemails.com/v1/r/vHOJl%2Fsq9D3Im3EX5GHs7W%2FVi%2FJY60pH1aUOsbqdeTqKq%2BBH21GTp1uR2sFr%2FxxxVO%2BVFXJ46BRbWq5%2FkHvz0T0xyKy0KmrXASMg50qGqAJxJc4aRAbsl9f8r8fvnbkWGz3jUIGVseZB38v22I1f171Z8bKXITs2rUU0eKBXuYpFfI0QTDcmZqerUJVpBDXJYeIpAbVPViwh9maxvE1rctj16pce%2BdkBYa1TwjZv0Di%2FsrypkgGGsqbTdtvbDP3zN8gie3BOwORKmhGg1etxd6NzvnAwPKxAIaefBrKKTjaIVgy16ladlsOVgf8LMbeVL5W8zXOcA4hZhdQr99eWZxkIhtOhoeFJGMT8%2BppPZZ0GaRx6iTwy3YxKErvT1FMuCbuQBUsybNJ4NxEuKNn2zQ%3D%3D> 
Dear Customer,

Gree",1a0d92ad6bb69055,debit,regex
2026-09-25,Aayushi Ushakant Dud,10,Other,663420531679,," HDFC BANK 
<https://trkt.aclemails.com/v1/r/pvBRUD5Y%2BcUF%2BiVXvqWCdsp2q3wfdaJkJyZjVhMuTrzjXfKtsg8p2oml8Gk%2B0mwhLz6hxbZpFtcxSj%2FBiDslw1ZpfYh9dU%2BHSQg%2FZF4bH4Hjku28geheQM2IKgpmq4bOONzHR%2Bu8FkiOb9Yqb4ynp4r7eahvA27eUMr2UORL6UJwvQ365ivb90zZYnehudUhkWXPMl0Dq8r9ZYl1iqO%2BjUhIV6Qub5xa9qvzMKq06Gm0enfuZRjVhnwNKBXJrk1WigY1YgQo61icV93kQnl3kM4BLGR8HUzStZPLu%2Bd8vXCYAJcHXU8KaT80bnYL0EAwpeTV%2Be6Jsj6%2BPCuuIjuirNfmn40MGxA4UFsjI6mg5j7q8BRpK4l6Wdf3BA0awS4XBBG0S2vpyySoJ4FZsEvpQw%3D%3D> 
Dear Customer,

Gr",1a0d8a1704899e4b,debit,regex
2026-09-25,Balaji Chole Kulche,60,Food,663416194920,," HDFC BANK 
<https://v.hdfcbank.com/mobileappdownload.html?utm_medium=Email&utm_source=Email&utm_term=InstaAlert&utm_creative=Default&utm_content=DA_Download&utm_campaign=DA_InacBase_Marketing_Default> 
Dear Customer,

Greetings from HDFC Bank!

Rs.60.00 is debited from your account ending 1771 towards VPA 
q370255049@ybl (BALAJI CHOLE KULCHE) on 25-09-26.

UPI transaction reference no.: 663416194920.

If you did not authorize this transaction, please report it immediately at: 
a. When in India ",1a0d781d31e1408f,debit,regex
2026-09-25,Dhaval Govabhai Bharwad,24,Other,663413404131,," HDFC BANK 
<https://trkt.aclemails.com/v1/r/mZBV%2B9JCsIhR3QcQJb6UWAOUfZpgN8EpF%2F1EUIPOHbCcHVNw%2Br4BkvN8PhpmPAIopREVCyL6WFXjiveoYJ8RLxD0R5IBej7760J06DM7AwxyQm8mUIKueD%2F%2FkxlqTmMxmDqy5stveQJwQl33ILm5gXN68RVAuZxfu6MgCsP0cBtPdbBtou8YNO9OFC86QtyvFsm7xIROwyLd0CcaU75ocDo8EPqDEDg%2BtIHKbJanhJljPA1w6pvSdJKkSVNbg%2Fc%2BllDVzWyidEFgBYdeZzDiveoYuWeJQEWgTDBqJZLeAlePcMDKpYSlNvfsQkgCCda9cl8q0Ee1G90CnB9yn%2FggHWekiJPYSigMLTb6h2BWlhqUsc86whfx6TlTUtJkF9dJTuGdJEir0m9QcbGdXMi1kA%3D%3D> 
Dear Customer,

Greeti",1a0d6b4ca111e69a,debit,regex
2026-09-24,Swiggy,134,Food,663311404175,," HDFC BANK 
<https://trkt.aclemails.com/v1/r/2N3YfcrpnggnE6eeDwOpzo882a%2FAvAairVK2AufkX551cQ12zoRZqnqgFQ3pZJ4266tbkoTtoUKvIouvYHlhCOR9a2L79Aiw1FOWX4Pujn0y0EJZ3E9uzr%2Fl0HTktvvypj2kVmUG1%2F4sVohxoW7r%2B%2B96jZqWch7Wnf8Nq9X%2F0tfAyUIFQBrsfXPCqe85Znu2haukll8bJ9xFH9E%2FAmetdn2riNJiO7uAr0fWkp2EIugciAC7gGwUokkdVzjlUhpI830cVj%2Bcu5vviphowNaFXnQ9EnmlkShMgjW5iCo%2Bjrd%2B6MJqW6Ybl9fihgUwD3oJJJ05Y%2BrZ66eFRr%2Fwn%2FZDyRxPVmbz%2BApxd9C4SC5nBJZJL18zVZQ0D11d6oUNrZCndwEQyB7Re3EiwGcZcem0> 
Dear Customer,

Gree",1a0d472b81337395,debit,regex
2026-09-24,Mr Jeet Mahendrabhai Gaglani,85,Other,663310754690,," HDFC BANK 
<https://trkt.aclemails.com/v1/r/4M0nrcD3T0kl6s0x5uY4GraGaigMVrFCKmxicyAM89dEwfIddWARMTy%2B55uJnkk6rzsyJ2NwXZYFlTgxK4QeDXqEaGcVFvA3BtvezOMRT4oVMv8hzPBScBSnwOwf9tYX%2BrWccK0%2FgURr2apWbPQgkv7mUrZSoYQhqJydsHQr2piWp8Cx4QxOFJMw1HtlZwBukvc5yk%2FE5k7AjsGjqL1L5lZTCl8ulihbCYXTKISgc45m2kLS30yg1bU29A3y5lqnRXkVxtcm%2F9VgJmLlUe4EOMdtq6XLHuFCPhPuDUdUT9hU05bGaWBZKKef0c4NovyzuDcOivPyrjwS8FdUnQiE9F9PDd1QKXn7Fua5%2BjVysoVx2TKXtQiNPUpuaFsjuYT%2Ff%2BJMh0icf6zibQ%2BMzpY3OA%3D%3D> 
Dear Customer,

Greeti",1a0d434e6bcee495,debit,regex
2026-09-24,Essbee Petroleum Hpcl,300,Transport,663308144418,," HDFC BANK 
<https://v.hdfcbank.com/mobileappdownload.html?utm_medium=Email&utm_source=Email&utm_term=InstaAlert&utm_creative=Default&utm_content=DA_Download&utm_campaign=DA_InacBase_Marketing_Default> 
Dear Customer,

Greetings from HDFC Bank!

Rs.300.00 is debited from your account ending 1771 towards VPA 
paytm-8742902@ptys (ESSBEE PETROLEUM HPCL) on 24-09-26.

UPI transaction reference no.: 663308144418.

If you did not authorize this transaction, please report it immediately at: 
a. When in",1a0d3b1b3aca5359,debit,regex
2026-09-24,Naimeshwar Kirana Store,135,Food,663307754583,," HDFC BANK 
<https://trkt.aclemails.com/v1/r/FDnjmfFCPJO5IYsxdyiglVSdvASfKlPc4WhiwXmajtVdN7tYPJm%2BbmOgpHKn8ep1GOpaTJCpT0RtjKiHdYE6rb0SSFNC1x6498oDZjNobk0spECk8Kt4SqhaKRRH6F4D44BGJ6yN9VasIOu%2BT%2B0FhcHPjB7nbIwHm99hz6LiRs218oBIo0dUdpTsveMYUY7R3S9nxD78Pk9DDv3xG9SQlFRsECzbCFEEo7YkjWKHvFZTD2j7qsCUnNcWmD%2FvBDNAM2VU7imhpeEU7aS8EcZFWdKe2%2FgLt4dgkRvXfhukbJ9OxCTjbnLN2tS5juzeM%2B%2FSE5gHACeVD7Y1Tu2tt%2F%2FTnN%2BKYMF%2BzVnRkwaugoRgFcM1DoJLe1D9vVBiMniO9HTQE6PesN%2BV1%2BorOBMa2rohCA%3D%3D> 
Dear Customer,",1a0d3a0edff3268c,debit,regex
2026-09-24,Kuldeep Kumar Prajapati,40,Other,663307650199,," HDFC BANK 
<https://trkt.aclemails.com/v1/r/SJNESeFrBtWCefjJFj9pCOwBVIKo28riuSKP4vMLnJkIBSExnuN25d36b%2FzSBTmG1yefsF7892WiUX5cEUclNvLdAeAivU1sIsH2U8%2B7YfQj9Usf3gYMNZR8RI3FnQ31vLwc0W6ub8KndIYn6qdSp66Y1j3Ujt39y4yXh9Erh5PLaVc9xFAjGl63unlGNJp6WxAqIIToTjFTkJ9MsLbvBuVSY18cgV6f89oDocHjmXTnrlrKl50FCRn8mi0pb2JazPjT8Lr6gb9XEOlKANaqA7V0pG%2Faiun6UUinjwbVvtKh00iQbysmt%2FpRkbE5LJx52vD6J2JkAPVBE6q2VAhV5a8j5Pzfc5HeEpWElEzSe%2BTrGybmeTU6w8smVBR2axiGWhVVscwpG1h8wbAEzZx1QQ%3D%3D> 
Dear Customer,

Greetings from",1a0d39c68375837d,debit,regex
2026-09-24,Mr Chandra Prashad Bhakt,150,Other,663307470068,," HDFC BANK 
<https://trkt.aclemails.com/v1/r/DZAMxHebuysnKf23UAKxBXeyPyVx0xVxpER7a89u6NZi7IUsJREgQtqpRIdLkAgMqyqD6Omrz3XjcKYZYNL0ov8NdNbCoe4yQpHPDnGBLnRUaSitOsGtx3IKdENe9lhPAGgCCFVdm3g80omZeybjBBoj6cUUWBeDOf1YL5bK7GlftyJgxsj3SOV6%2BM%2FAudM3w0ctq1ImrUC02QpsC7FMPUJWU7nDdUOKqCqG1p8%2BUHxlVn1ozg8vO52yP9Zc5EicXL8Q9pVBHmkfS5tz5UIMWtVeeuX%2FqJJqe9bAMIKuoNR15oPIlDQONvrbpOKcZZvhZyYOIFMVRyujQ%2FAtgR0mhSHdW8Alv1tl0yC8KsxT%2BbBSxWfMEuAhEBnLYdtA%2FxUlyLCPhYJIKdPSpjL59%2BrrJg%3D%3D> 
Dear Customer,

Greeting",1a0d39482f6eda16,debit,regex
2026-09-24,Basit Sajid Sachinwala,38.17,Other,130158028180,," HDFC BANK 
<https://trkt.aclemails.com/v1/r/Ii8ioF39Twug3A0BcnJvFrfIDewQSuwtbkfGOvze7IG5lbsDwSpT9cMhpN18sVf7G9puC17N9%2BoBR8XusDoOz9GK3OT8ANA8PbIs%2FY7tfzy2tHGFZts66lg8OalvBXQGxS%2FsHoKkI9RfukZmlGmw1f%2BwzM3%2FWb%2FLJNzZzkHttGUxvf9Vboz%2F6X7Z3OOXWIONYlRPCvysVhHolvL1JWayOuu8xYRqyBBLn2D2u8JXEpjx6lplHAW7vL8lPfoK6r6HuIAwOw1Je7jNbwbI4LuZ5p3kCpfwBVpTYHNpqUzhPjnHy767KHrXM7qObmGd8DRpQuw2x%2FZ15Hp1utJCqVK4QJVcTExGXZ4QnJKouslicL7FtB4DOD3bjK5bkmEl1mu9hvJmjy5rDSzNgVm5OuG9Vg%3D%3D> 
Dear Customer,

Greeting",1a0d2c47c54207a3,debit,regex
2026-09-24,Sawan Bakery,50,Food,663303055530,," HDFC BANK 
<https://trkt.aclemails.com/v1/r/I7YukGZm0SCrajUGlH%2B1zbtZnQolwC4HuS3gGeYErMSTFWkBRyJqS1iwP%2F5CL7n3hnjl5TjthXeIM92V9NBtAAfvOOSumUjSAD8N8dsOjzXVfTvzktjD3KD9DiyhOexPe33x7LpT%2B2q8Loong0ne%2BSaK9VEucNLMevjsGMXB7H1RFRcnbO8SqXn1hJnqLkQA6WA9FG%2BWoef38QTnbmNl%2FP29Ix7v2JwGBUCzvOxo2FZdLLQHj9HPsVNXEuJ5t7ROW3RPYb1APddmXiGGnLZ23KkLW40FWa%2F8lO5lngT2Pbk%2BY3GxSf4ms9PYMIx%2B6BZ5as9rSIMr1kXQoq3AIS3dUfZ31Dm0A%2Fq9VEUP%2BhFeG7es93aGqDVrNUQpydlQ7DTnuNeFZA1bLdHn%2FdV7S5HOhw%3D%3D> 
Dear Customer,

",1a0d273ffd4a54aa,debit,regex
2026-09-24,Ladoo Gopal Parotha House 2,150,Other,663302922097,," HDFC BANK 
<https://trkt.aclemails.com/v1/r/V3GdxJDIuVX%2BsBNJiVFUgbuhfuydJMOTxcBccss8MglYSUqliwfYX3MXQ1dAaY9omU1CgUYioVFanpCDQl87MF6BxGCsEBmx1TXDM4Nqe2PPgy42KNitw7Hy%2Fyh59b%2Fc4tvJRB%2F6oIZR3kmNE8cbEiMD4HDfnn9We1mMeBORVOPKQZK%2BUJx%2BCvKEiGqv9YoduGuaD1A6OqMexyRlj2ly93yUMB7KUlC8DkzeatwNOlB1oFunT82lr4BvzxMjVmpt3UO%2BJxjgjpmDcw3aORHApLaAp5PbvyByoYFRbDVbJknm8PBo2dXekQ6%2B9tNai%2FgeqY%2BbrHiIYw93U3BW%2F%2BHbSuRCBSai3Mf4wxwjOi8Odopr5OFFpN876Uif3Lzk3jmZcC%2FboYtWwADfTdFWWJi8AA%3D%3D> 
Dear Customer,",1a0d26b8fcec77e3,debit,regex
2026-09-23,Meera Super Market,20,Food,626697375607,," HDFC BANK 
<https://trkt.aclemails.com/v1/r/yasYKLHjn5Rfk64Pu2KGuSNyqcc%2BOeLPjKKfkayRcJhrYYtsOIFlyjzBJIXb06fioLfVKALRLEF%2Btc0R0YFx1avWxxn2R2%2FznKjKt9HW%2FSWZX9GtJsZbPNTHSFnI06gWn7Fc%2BqiMtTwmvGg676x0Ym5oqH7jr2xh2YJP%2BzNnK8zV90WsaTiVlnFMuDuOMdZE6u1kSeWzcbDMvo7Q6mmix5HpYFhOSL973jiNuIhOBZKXTwSE4%2Fg%2BUsQNbKgbA%2FPAtrXIvM43kVEPM%2FaqLmo68Jx8CoDrOi4mvlxrYLAylKy0jkGFTSyZwIF9H5iE0r79AjqlwJE4XZJc3E%2BkBftjhYI67NKR7ALy15qu6IYvSL1D%2FFq6ol6YxdRL9hdqq%2B6rCf%2F0NG6s8BgkW5VO7TkscA%3D%3D> 
Dear Custome",1a0cf1483cdc6764,debit,regex
2026-09-23,Mcdonalds Hardcastle Restaurants,156.44,Food,626697129382,," HDFC BANK 
<https://trkt.aclemails.com/v1/r/egN1ENAWVQGpJoNIrvY0mAIYLqqPVNoPCjSPhGTIhD0J32OdYe2SSyz9HXzUamafNUB5Hxjm%2BfzFPfzaoLhRYcUmN1U1nvyuRg5uvE1Bd3KVuNNrJInxgZ38g4MLeZ2u%2Boxa%2F%2B6plp0vYu93QclHoqqpfN9BfTc5pZFT8qiecQoHp9l1YT6wvsRiLuMQWQNvVOl9PaMbvk%2FXcWUl2C5erc8ZUyobbbzxGMqKpE%2FGCe%2BT%2FG%2FA1GUykv3hhda%2FsIn6pVK1ekb%2BI5YZKhHwPGLm9HOek%2BAGDzXpp%2Fc8SFRXOcA5gvrhD1k%2Bf3zYAesPXYANdag6DSt4Oxied57LbJzAbQLr0E3m9piGmKJ0wAM17oDG50%2FbbjA5QnOpdiI2PyDEGNzuOqZpgd6VIjgQWZo%2FVA%3D%3D> 
Dear Cus",1a0cf03b775efd04,debit,regex
2026-09-23,Jay Kalyan Caterers,20,Food,626689541549,," HDFC BANK 
<https://trkt.aclemails.com/v1/r/EBL9zW3yMVER4OI0tVgl5aWk6UTisP%2B5Iv5KEsIUqU6TYT3hTix%2BiklRVKTyCoFN9QaIo%2BGPcqolEOBLVmMjFaWkDm6FeLXPIOty%2FrSxFehKjsQ9S%2BXYkx5Bdl23P9Hl6aXZwmccgYuzxt5hlgauiOT0VsVolSZb1cki%2Bz5%2Fpjw3f7Tgy6ETPiY0%2FCWt4dfTdro6%2Bkla%2BCTGepsuXMfJtFdYsqj5Z%2BCwFdgR11HF3je2rIzaYKwR7I5WBSC%2FQwL4GBbtr0ThClaoHyeYY2QAeRb3GSuOdNg7%2BSFESSKSQJDCx1ROC9Tapk9S5eJi%2BhSmEhvCDFyZFShtiNCdN0Hp75WeGKm8DMe9blP2T4fm466dc6vee4yRiYeFPKqs1ddPKQDn19XJCDiUoa4wrZ67SQ%3D%3D> 
Dear Custome",1a0cd4e07a9b1c20,debit,regex
2026-09-23,Jay Kalyan Caterers,170,Food,626689222939,," HDFC BANK 
<https://trkt.aclemails.com/v1/r/jMrm9UVcNIlGRSnfjnV0fwEi3Nb93VLw3NZ8lq04XBTFqz5sMnqaP4THUBFXbxKdlnGSuReXCJwx%2FqGwN2P0JfDussRfk8jz4wKGMKksqGNWlHTda5GD8qXc0B5%2Bo2qyg3YzZDcef6lb9%2FgtjytOjOXMRlc7SflE%2BAdomk0MPGqvj4Z7qXTC%2Fe%2FAaTywsN0G9vUeKdK7PPy7cvjLKmKQ477TqejxyYNErocg%2Fynp20sBzmRphJvum3q9KLsA9Nht7QshYrQxvADx4qfnpvTIXvaUxW%2FnTbK470PCYrjAKywOh7dmbW6gFjc%2BpNhai8ZbHoVTjWgTcHWJIojVLdQLrSzpiu%2FS1LyDV6SrBqCk4cV%2FLGZLmGZQuNZKbRVgUOB5iXiyyUDq1F8Y1nLE2%2BLhyg%3D%3D> 
Dear Customer,

",1a0cd39f415ec3e2,debit,regex
2026-09-23,MANKAD ANSHUL,70,Income,XXXX,," HDFC BANK 
<https://trkt.aclemails.com/v1/r/C8I90aC9iEjXy5azHBAHwHhzG8wd6xN2V%2BfIfwWBUoA2L5s97s1ozgKDvRYVZyF%2B6sDvuinf3O0rkjj%2FX5BY8NwXL1Xp4IHACLlK8aW%2BJp%2Bnf286stmFCtUj50mKZMKzAyfm3ATT54LIP2TR4CIOUAn0SZT7a2f0lyQPY7PsXdsUIXkLsWocSfuDYUd3uNIMdqq8l9BtRO6K5HlY1oTsMb7q8hALt27PuJA1SlFzdCFnfpWWdDu8BhXtfr69njhQkrmGod40sgXqTgW94AjqSylQV1WTYdTSQEvEwDcHNG48UgOUSVXqbB%2BHWbX7oki88jdYvOSSJJs7tSf48AP5ucheZ3bM5RlQDci%2FZFAVLprM7wkuF2nSk%2B3k8%2BUhlEy6A27s%2FlEsUO3yBgbyH9Omxg%3D%3D> 
Dear Customer,

Gree",1a0cd3a2e422cc47,credit,ai
2026-09-23,STACKDOT,20275,Income,XXXXXXXXXX3050,," HDFC BANK 
<https://trkt.aclemails.com/v1/r/ArRw6EiFKKaG%2B3X8IcLzSN6J6LQTKRx%2FRwC6xYc1Q4MjEESkn0HKeU008ZrJa%2FnmHDxJNphsjF7Sg7FlEbU%2ForOI7RUvOqglpI2JjocIxV92ozdvQxrrdorF%2BWgn6ZXy1Fb2zZnliXokEoHQIK3ru3ncR7A781DSEP%2B59JSDjfs2V%2FVRtybJEKfqPCkqMLcyBVyHSstr2FIbWXZS%2FpuABoWNDQFT3hKpys9RGkkAmhuB8jOZGcGCmCi63WGixRjBBQYLhNsPFsjAQDPxGk3T%2BwhIkXOeUWrNv%2BXA2ilcpdt5u9WqIYIooaUpbvDARBDNQupcei2IcHNRssDnDmsSIZsZ0I1d56oF0FwXmLNZiNyofiaN0pLP> 
Dear Customer,

You have received a credit in your HDFC Bank",1a0ccbd6aec3ef74,credit,ai
2026-09-23,AAYUSHI USHAKANT DUDHIYA,430,Income,XXXX,," HDFC BANK 
<https://trkt.aclemails.com/v1/r/6GDr0th5FkEFjnhLv9y18okDu8lrx7YANBxpG7rn9ns%2FCw3Lh4u2gd7tHVY7Kfd1KdIulY5uFQQFwKL4Hi2RmTzPzpMv7h4bjBmg%2B1tUMaq1veTT5i6ElzS9Ble7oXR7CGJAveEkTVyyXYEythRH7W3tbTotQ7md3eJulLij%2FiY9bTQVcZ3ulk727TmKzhY6l2PKtlgTWWtvhY6ItKO%2Fk2CWH8ZaiD3%2FHKvUlU6AYgxSWAd0uNVT0gAGWeR1JzcM5tbAZ9yU3uiwTbUiJZSlzkUdWsQNB5Eh7Vr1hB9%2FvaPeHcyW0luzm2vPkRo9CaFaUnavl%2FXLXuwGYkvqAtKIxiqXpRlmzvjncRZSBNW%2FXiwLS2facwm%2FbAbm6F68t1GC8TN2qaR55zURCldgAxHGaw%3D%3D> 
Dear Customer,

Greeti",1a0cc31f6125a109,credit,ai
2026-09-22,Naimeshwar Kirana Store,140,Food,626580953790,," HDFC BANK 
<https://trkt.aclemails.com/v1/r/4nQs3xoBvlqjeU17GaF50i%2Byj%2BSOCqHSetPNK1nz5%2B7nuv59ILI4jzXdAcWI9jSEL9HE13t6pJ0DA22yg6HEfSUeJENzQGC%2FOiKYtOQzNj85%2BB6l2xqtW%2BsllKQ%2FFeu0njTQoXx14pHDdrg5niUK89t2GPU2F4cajqJX7x0LBbjrlHbX4grrGTQMWoQwAP0uF8LtMuQA2vddrL3ygplLn%2FWrHlnVpxj5pjzIshANlXfFp%2B4%2FU5thKHovEsdfGa%2FEhccMDPVL2xHahjd5l3toDVr7lbetrhcdSf33%2FPJdJh79CE5uUVLX1X3vAS63Xs3hF6Yrt0%2B%2FP1R6E8TuMk9kXnzabtDMyq6vKIDgUWXAM21vMy%2FssEp8J3wKnU3gJ%2B8LZPVPaoc7G8w90JaYvKC5Vw%3D%3D> 
Dear Cus",1a0c967efebe16da,debit,regex
2026-09-22,Kuldeep Kumar Prajapati,100,Other,626580514218,," HDFC BANK 
<https://trkt.aclemails.com/v1/r/414A7%2ByuiQKZWpNnGVM3YFVb%2FNysrrv7U3jq2WJ0jjEQQ2o5%2FhDh2fb0gAbXGpnTGwZqErnd9k08vKK05f%2FC1bcktRqC9x2owf6BQef0rseFzplQZ1uuVJuWFl0tTYH6j%2BcaHps2%2BtqKL0A5fi2Ug6FA7orMhHjveQOnscF9JcieWbW4BQLBlKUHpuTB17IcJKHXZkMC9Y8H1Why9yMFrUkcVSnMwkwpcMQYL7OBEtS%2FMf43zlTxFOjZ8cu83nsOSSUR3u%2ByUjsG0XsVl1d5%2BDsr6fJxF5goT6EUEgPwCCP5T1OnjYKziRX7w%2FCeQwsFxjZ0T5053R3OHXpGYR83yFeVcOK6KDlM6zB%2Fqq%2BAklBEn8a99a6WrJ7nfVUM2i1VlSilh%2BqhSLTiH%2BWGfCtIXA%3D%3D> 
Dear Custome",1a0c955e4faa0e50,debit,regex
2026-09-22,Batham Hasmukh Ramla,40,Other,626575625377,," HDFC BANK 
<https://trkt.aclemails.com/v1/r/ZbL5osiBP1w6R79cJfFHTHvtxMdNk1dLlARHvRDqFTPFbwfLLWCQgVmwNBGGoOb6E8bipjv9kHzyu7lV0gwBXEfM1geb7iUM08%2BLw0wQJivca%2BOVGpB9oVnAguEDV3wsMph9P3doBcZenOwhwjHHfxIx29vWKfdhtQ47I%2FGARemyM%2BWL%2FtEqBpZEyYb4yAKKAqdjA9LSCzfJXZbgpn5ba%2F%2Fp%2Bjro%2Bia9%2Bbl%2ByL6Rs%2BxBtNq3IywfLTyLpkYNEHYKpUHI1jMsHz%2BrCxpRw7rZn9ghw3EZrlxGr%2FhYCgSigWvYUhujiDy%2BquiqoefbsQCzQ7K2YgsnwLC5ffBDeApwk7NFVhmRbdnmIolKFqtyiRPvjOc29tuoDIF63dxUua5HA1S5nVdwkIG%2FnMXFH22pGg%3D%3D> 
Dear Cus",1a0c824848ab509c,debit,regex
2026-09-22,Sojal Sojal,70,Other,130047979639,," HDFC BANK 
<https://trkt.aclemails.com/v1/r/AGqtwOviwOTwFfiDLTDzpkPpzdrENgWPPorVbT6g7GKCVULHWXUZJt8aX3%2F6h6aLANCJp%2Fsw7LYiFlgK97L5f8bTTULWtjKbuztCCjX1iKAcV8O7SnKMV33r8b2M94FabFI%2FYTFKEz4yPaGu5iWoeKGKj4O8RLFOAieNHQI5IA4dW9fLEIAIdeHqrHa1kfHkkOLOhMqfdAcOmYT8k4%2FrUXGEJVUpkefZ6D4br%2BjMdHUuTJ6RLMaJ3UB5WJJwSf1OKvQzZLpzpQJe3YSDQzzrzsCewerfL%2ByWZytqOmOoxJO%2BUt%2BcviapJ%2FPRyO15%2Fy1igarbBUTSNaUIhPvMkQzroXUVbb%2FCIcTc4tcE%2B2O0wP62eQ5X1NHPzB2LZ%2FkvWPQbX3njGCoOvYQnI4Wz9EIGpw%3D%3D> 
Dear Customer,",1a0c80b8e5e93d0f,debit,regex
2026-09-22,Hitisha Prajapati,1,Other,626574158083,," HDFC BANK 
<https://trkt.aclemails.com/v1/r/Rb4BxMqyw%2FN0C9fhXjMlDnVuu2RfgiSKQGsqO6ghgX%2BQGM%2F4a2zf964i3A5sV3QYNWDe%2FqGS4zA7ZbVvAT4g3Ji8PHiRF5RiJcCnc%2BzrlDRbnXdagj5QyOZHESWN67Kdw6jUxiAqZ0mxL%2BOKBj%2BtnEA9QaHDz3BrPmWXvQtSU5VMh1yTPOYMNA1EKTYeYH%2BV1rQiUl4QpuadQjS6clZxgcYxNpkap9PUVAjoDUJwnksJRJ1kUOcXtpsmgeawF6yN6ZW99azcNYYL0dbMfjIj1uExoOkuv%2FsrWG670kTyBQnvvmdykBcnBbeRviJTqW85THYb2Mcl%2FKjYN4kwCSxSS3kNUPHvLZxrT9iCfBbp4fhwAWiqw0Kgv7fp2%2F1Cx9DdOFRStWuggC%2F0dZHZuP69Yg%3D%3D> 
Dear Customer,

",1a0c7c060aa53a13,debit,regex
2026-09-22,Dhaval Govabhai Bharwad,12,Other,626572380006,," HDFC BANK 
<https://trkt.aclemails.com/v1/r/IhRzN6XgH0vOp33WfOthATzvv27MN1miC2SUf3rfBiYyMMs0oBzjelJggk8zhqIo8YNLK2MnMp%2FjFzjXl6dAMxdHGWI7vUlNhUVJyLyBTwjWJoMfVDp%2FlCkQ0Y2Ef0gHYx%2F4JKqUzcIcuTaMeX4bIbfZhxWys%2F%2FwGheqrwkYtZ6tCgfYTp8%2Fd8Kr0RntpYTBuqHYHUDJPMEK%2FodoPjrNLrKLcnzwL5YgGiXl7WkoP76fwWdrLbxlyoS8XBzv57kFi8nCuOkk4B3gLhTGIRdTK%2BIRZtw7b%2BrHt753Qq%2Fx79O%2FsqzzqHjd8FZmgvdC33iO8l1BbK2JjY%2BfZ%2F4gJdx%2FqmHdIOzDlUuPdiLhHETUIpdm4BnW0oComnQZgsH7MuLUdjXcl48BlWAIK%2BBEGy8yNg%3D%3D> 
Dear Custo",1a0c73dd30309e46,debit,regex
2026-09-22,supermoney,62.49,Income,XXXX,," HDFC BANK 
<https://trkt.aclemails.com/v1/r/6m4fA569PA0HtsOaB0T%2BF4NHpItVnN74OD8CZ38ouQipiSZartDx5qcAnemHszvrRtsUdffT5wma6JyE0WrlZ3fiNfbgt7GZHHSBfhc9jfQocjfaSyHQXJc%2FDcCqE2MlznOTy3rJULa6XaSSkvYMG2DhLQeclABv9ct%2B0rq6No%2BX8mypi5FSkNwgYhO%2FoWm7oFAhQp3lo3wV6w5X%2Bunfli2uMRjhYRgmqD2jLNDx7IZgIfpK9GF0fqZOYuRTYS7h2kDMhVgCeg%2FvDplOuqFItXEnfMEXgSJt5%2BkstHM8befVSilUQfcoW6BuBkeVjK52QQNHP3GUS7CNKBCTJfyz9bzZRHLvWp5M2OyIc7NlQ8D%2B1Mmkese6NPFD6RFt1G758HeBIGuLqRGFuZaQCN8wWA%3D%3D> 
Dear Customer,

Greeti",1a0c7b7f2a591c63,credit,ai
2026-09-21,Ashapura Enterprise,40,Other,626469056165,," HDFC BANK 
<https://trkt.aclemails.com/v1/r/shUDu%2B5HGK5LvwqCAFBNQSrvnFlTR6I02r0XSlUA4Nqd9LCvgZ5q%2BgAbOmqAD73sFzIj2IVES%2BNoe6YvQyWZ0kRCtbAN7IlO9A4ao95Ac%2BCzF0qhqM0L0UJlr2Vr3cVqY3Y6flCowsDC4%2BWuKhW3akFM9WBKy%2FixCXAs8pZ%2FmIwoo2euI47EojKzGtgNkQFUGKKy%2FucHPbvzhsXb57ibGhNScrTCrqXsTG5%2FEERkKTicrJaB6qEahwp%2Br8OltaBrHbz%2Fg9MqcDyzAHJXDigfNtDocqopSAAorX2ptL0SEqyncPTDbyxmy8P2PiahNj1HbuEz68N8TpCJdcSbYsxRNbuMjntyl1IETvHWDAI2%2F1R9h640y%2F5uwgnQNhCMF5thDlXbTZCCyYR6rKcKFIW2Zg%3D%3D> 
Dear Customer,",1a0c49adc24d8608,debit,regex
2026-09-21,Kuldeep Kumar Prajapati,50,Other,626468974447,," HDFC BANK 
<https://trkt.aclemails.com/v1/r/W4FWMZmB0Xkb9v72hm1J%2FeMcli4F1vtHVLdyILDckv4H2acu6jRVQpcW5JkotuYpPmLLCpLpFn3YN3PNF%2Fpy6pAynbdgm1FegbcUxf2aLZkYvFNeZwYfq6pO0D3OiQzlVfML98QBz8znsF8BYZTReNKgq9kHZX001us8TBCT%2FptQUvn1YD200BUAbPDF%2Fx2EZ1uV0iluAMElAhpTpoAAoyc9P9K3dDF7mgngMnNHL65wUmApvZ0qk3WEMqd6pWqsjBJYsyfbqvTW%2FlOSqtIeFM6eYjgtg%2F2IjCTGQfycy8qRCAJvH9%2FYGO3cOYZsTV9A8Wr%2Bhr0R6e8iiEchRqgGLOFHgsMkzx%2F7qAZMhcp85vWtAZyVnkzJY2otLRTdDR2E3YJLXBxcludTWWWPtwspZA%3D%3D> 
Dear Customer,

Greeti",1a0c49685874a2f2,debit,regex
2026-09-21,Batham Hasmukh Ramla,20,Other,626462004642,," HDFC BANK 
<https://trkt.aclemails.com/v1/r/Ro3x9FqEHtsm1c9pr9aWYDoP4QI%2FKJFs9GN%2BFxzQPbHPoFIHS8T00WuxNJHHvvIs9KYcfPssgDafx2SB7D6pmQ5%2FdZ%2B6Xk87WRtP0ea0723CCkCWXH%2FGtmwwVg0XFOPccpUyKgr8ArinfiXfcqUEW3dr8hTWsz%2BSranEIXKwdz1N89tr%2BRleuZEyuafGzfnGhVUU7kuHfra3UMg4oBXticKmNj1Z0HK35QnFpqdt%2FmVVG90a5K%2BcnRty%2FHM%2FWJR2B74Z8P7CsMo35sqlZOZelLHyjWXZsqiN4IYAhfIApOJl80SHy1m62BWay8JIZRdy277Dl8XObkkg1nJi9nqRWg8w%2BfH4BxVjsdp25uCMp%2F%2FoyVdfYRC2snPtdGbEl%2BT0BeFvysVrRhrA99G687NiKg%3D%3D> 
Dear Custo",1a0c307f570834b0,debit,regex
2026-09-21,Balaji Chole Kulche,105,Food,626461907558,," HDFC BANK 
<https://trkt.aclemails.com/v1/r/Hc5P9mGXhrLbFnTb3YxNCPjKOFkdDL8XgB8h8Qp9lPPdY6ndztonFpAu6ceqT5W%2FKVlbIH2GlmLyg4wKxB4iPpheHnOiroG3UmE6D2gUwLIi6J1wBUPfKPtY1NuJzOVJusU1aOqtoWBfZenxnNxsn%2FwCCwxbWBmQsU4Oc9ayVEDS2dDGZ%2FRAFenN5N7ssfapcOCPYllZI2NezRMzpkz2GHTs2EKmTC61X3L34y7Y%2F1c5%2BgtLLFRarNOqISowfd2h4A8abXSv7HPIhxvq%2F7isY%2Fmm7aYwG0woWMVaEwKEIIDSV6jSTIviqjjeCPbZsXEeVRjtXwG5niejLTNT7NNLJUlN49QuUaaY23K0jk9DH5ixAnAhg33tUQxBeV%2Fj5XbfmV3C2YQ%2FMN0BHWTFkkrUNg%3D%3D> 
Dear Customer,

Greeti",1a0c301e20ffb741,debit,regex
2026-09-20,Parmar Harshit Narendrabhai,120,Other,129964018377,," HDFC BANK 
<https://trkt.aclemails.com/v1/r/rD6t4xCNe0blVSwN8lLaSkKNU4%2F13OkuS0VaPetUn0PeP1OGoi%2B1810Xxuf7KCc2hQ8aDwvCzPtl6qojurB1CdKqpsowBq2WHEMqVCVQuu9FgMffATaFxeH8rNeltAjErf3gi87cfnVNNnXyBaMO83B6m%2BbUr9iMbfnjaPVl6kSW%2BWb8XQW%2Bk7QhcVv%2FKfsGr6v1psQecLE%2BebWUyg64ufVlw%2FovUTUfjbWURPbE8tUwNlGJHLt0YWgZyY6vW3IJOfcKKuTs7LCGLv4FtrERk5%2BzojVecuXz0lR7EoyfzB4OjJSYlwmGkdUoXtRFz3Ik8IsSL1xiJXaAhKcUBVK4SFDQjC8sF1Z30355IshBJ%2BTWGCO97Fngi4%2F8tbaCdKr9qzwgeADq1SjedYkEacEoQg%3D%3D> 
Dear Customer,

Gr",1a0bf9e6c0707f68,debit,regex
2026-09-20,Parmar Harshit Narendrabhai,230,Other,129958262708,," HDFC BANK 
<https://trkt.aclemails.com/v1/r/Z8mgpgausDBa01AhhigObDOfCjZYGpbOvQQSWBRQw23AZ1TyRXahbawLdtvI1tv53A9zP1Odpleh4vOlIXm%2F92rtEUasaixnv9RUwOZDBrl8VaM5LzPjIBd4aEhl7kylm3c0gZpRBWpwO%2Bb08nIN5HMzrneQltX7VoBppsuXbmF41ySatPI6dg0xMLeqZxjF209Ug%2F5ydlYyOExHJM4va8qY%2BdVBYzdO9dO9CjhG5BVVRaiy0SDfG0bdaIRVrRQc6K8nVI%2BuIKYfsf5liPY3EoTQTVfGTUKG6dfgr8PD%2F%2FxfJ6OfLRM5FXb%2FFMrZ1JWRV40erBE6cC2FgDmB5fpeSBxSYBRK6uX9lsAeDGdvaotgzV21yz5zOUJ90ZmDp48tEQmBTGgRNOp58yuPTd7Sww%3D%3D> 
Dear Customer,

Greeting",1a0bf4c8ac2bb543,debit,regex
2026-09-20,Puffing The Live Puff,70,Other,626345924302,," HDFC BANK 
<https://trkt.aclemails.com/v1/r/Wg%2BTtfZKFPW9doMhMTNVisJoz7Wb%2BizL0rMZGzn01XsGq%2FPfOx9AaVEeHyZFqDnkA%2FnsQKps%2FkP%2FozoouRFkzL4K18I%2FK2mmp%2ByrM8fIMpnOAJksX0i%2FKnQK6eJIqEPAdb9uuK3rxv5w6XJW68RAKYenC5pkJHzPJgXlC9zRxqqU3hCA%2BtWzXs9ceptAWyyuz0Ug%2BLSD0plLGt1KIN9nfDmgMEDuJe4xM4fF0TYGk4FYjl4mRgS8X5B1M4NBj5SCfvPGIkSdf9IGj0u%2B1lmzfL1kIdjD4JKN08kpj1sXXZzQfacupPF91zi4IPNxeTlRW7EgYJKtWjjOBVdq31kCN4%2BPCJGO%2FoPUPkHH%2FTBk8Mm7xNRhRuvcG%2B9V58SwrlVhuMYK11SYWpg%2BpJeXqzXMwQ%3D%3D> 
Dear C",1a0bd630146c0062,debit,regex
2026-09-20,M S R R Khamanwala,100,Food,626345836196,," HDFC BANK 
<https://trkt.aclemails.com/v1/r/KxuEm6YGu1NT%2BpvfKVN2KB0WgDaZtKv%2BtOWRUcRXzs1h3dI5PgS2Vps9efXREae4nvVoXiv3E8KIi4B8N60BnEF3QPTu6dQhaNn3hyYLk9aKQDdtEx2AH%2BgSPQMFXfdkshoTGGpVnJELkWQgwQR%2F9fvaZv7R%2B5hTU2QdHT5igsASDgAu6Uanndr3XcBbcq3yVv0VlBu1XcYVlXDUMoKUamYo3bXvF%2F9FZSQP3ZUuPJo%2BqjRY57HChtfe2ZrFTtF1kUSLTDyjwKMV2HnPS93gscm101Zd2%2FRwN8zoY75L7udy7%2BhvmtX0c4rFWr98kOtjyP5ik0rnjRDLmCSA%2BWMyIha6VKE1cSXV%2BoL9ujs1rJ1Oqiq1KojDX5bUHoSSNnWWiUrVnQ7%2FumacA2JaN3OeCA%3D%3D> 
Dear Customer,

",1a0bd5d9b7cadd54,debit,regex
2026-09-19,Zepto Marketplace Private Limited,120.95,Food,129904149188,," HDFC BANK 
<https://trkt.aclemails.com/v1/r/ON6BzSZV5YunXjBSViTImOtihMO67%2FTW9ifBjTQtVFa%2BqCc2N7ERmGTSinsc%2FPLbNzIiOauWFB7oyClOIXliHKkdWovyoqTiWvSWC36w8Je%2F7%2B4ZOs2SEAWTAZZYzqmV%2FYq1oc8PBVyMyxNV%2BPgdTZTdBy3fZuvqHIeKqu2oz2JhifFVVI2ZWQnb9ynaQmnjjCv8whMujx2GPaiCSO3uNfpntZ8cNL67hCOirlLBHinzf31Bx818mAhAtNYtnE7p87fjnEUJxnAnIzRaNGcJ686dlzq2yMzGfom7frSXxWYyOYZ0iEQ9qB%2FN%2FPvuYYIZ6ZRhjsGN6QJoECdYvBpocVEOyEPWPEanCNACihn0YVtkgtSUds7nlvt7%2B2A4yPdZ%2F%2BK2nnRocB%2BX0jhpK8qDXg%3D%3D> 
Dear Customer,",1a0ba73b7d3c99d0,debit,regex
2026-09-19,Krish Patel,300,Other,626235204064,," HDFC BANK 
<https://trkt.aclemails.com/v1/r/kzEk%2FnQxsArM6jT5YDQ%2BGT6TiH657eWSUP4jU0%2F7CkJQRAJtecr7TVJRGz5xC%2FietD8aYoe4CyIBRSIlsLHE7CVGcqTbVhlAYfjF6NdrrL3OefhJ1spV8rZUeUnHBXHKs%2FfOdczPBwOUSyXTtluCRg3eujcvlXjFmfdIdCMdCrJeN75xtQ8jhJmK8BvK79CERDdPj3DA%2BdXIQDPHNjo4R1GS3wTGu%2BR8O9%2BoGcAMzmLsfDSTUQOaBOyLGqKKGKe9%2F34oLaWTTTO76qNumUXfCJhNA61fd%2BPwvrauMTWnXdVjhsoB%2FTjviN6g%2FGAsInYYY202JG3oJshDYHTtLFoegvkg3%2FRb6KJCfDZuOWqJ%2FBXQWRKjJL0NkVhUNqrlpY%2FejyrKblB8MesMi9fbqMoDoQ%3D%3D> 
Dear Custo",1a0b9441745074ca,debit,regex
2026-09-19,Swiggy Diners,1410,Food,626234076456,," HDFC BANK 
<https://trkt.aclemails.com/v1/r/%2BHNXHK471k5TuJ8w7XubCfK4Xwg8KCHW2qC3Oc%2FYjnAUVtFm76gs%2FIe7hgwLeogWFM4%2BpMKi08sme4%2BbDk%2B7H6Tfz4%2FQy48oa1Udd110vzu6Gdhnibl0%2FfbLMFvATTAMUwcgwVzfurvbJupEA8hKlFpuv9YAOdE%2FFcrWubznqGNgUvlpVI1e1LKjHjW5N3xxeF6Afr%2BLtDJ5IzofUXEW%2Fa%2FB572KAI6wi7DiJACp1cFq50RSESM7DPW1m6y%2FpReAjfw2K%2ByfxsHFJQye3nDME%2F0o3LGW4M7moi%2BSkJM4LGcwLev2P7Io9rM7UxjPMG%2BA7uuVZI1uCOEvdr4W0oZGYlHEiBPqkuYvwCdXfS39U%2F8HckHO%2Fw8WzdZnqHILxnqrUiDXHP%2BBaSCVozeb5fkCIw%3D%3D> 
",1a0b8ee3813bba9a,debit,regex
2026-09-19,Swiggy Diners,125,Food,626233003042,," HDFC BANK 
<https://trkt.aclemails.com/v1/r/5op3V9gLIi5jAA1DkrcjkffkTl0BsFTSdrASovCJXKIU5i8rdSgZ9vka3cQQ9XcZ2Q1s%2Fqtgo2GxkBDSC5e3YI%2FGuO3bweYy08I4yggzKCUpv%2FlieqqsMKH3xmzjWmdv00M5HNE8lJM7HLpt478ryE1Ary5v1F9LhYTbBZxq%2Bq83iGIhYvn%2FvyU%2BMpBtjl5HrhiJB4WtgzHiL2phtxDhcZrq7Pzt5HGEcio9aZ%2BN12mXJgkb7ozrlguXVJ5LOLWAIWvu0I6w7%2BiFPZK1YpYAtPhjNORfv%2BB22oK2s7GEhSDejhglqFv2kVdBezbZDrJjmfsn5ZTpYbCED5iQ4cXY0Tu%2Fw2KrAcTA7v%2BvUuSlYixnVPvWv38S2X4gjyq97doerH7iwSRk4Nim%2B7X10dcwdg%3D%3D> 
Dear Customer,

",1a0b8a8c4414384e,debit,regex
2026-09-19,Himalaya Mall,10,Other,626230497970,," HDFC BANK 
<https://trkt.aclemails.com/v1/r/8Pm8FUFt4n71UB95%2FiRAAsKyzZBPCJZk1e12GIuC5vCZV4sD79DpTMT%2BupPov9Lq4F9W%2F%2BTyLjhX0kLGuAwiQOTiT8C7%2F6Mr51eYSM8Ty%2BF5fOm2Z5L2Q%2FR2TbeJQjemMAK00ZTDs8wNvGyV%2FNqAC0pwni9qiCrDiXtmcIWCjV9eDAn2hD5Vo6GzWjJ1w7RzIQeUA%2Fcc3Sp%2FQmcgDRTIHG3IWHKydkGeV1tiyAZVXDSk%2FSio04Ru4nzLKuWWamsTijxYA%2F4LT3BmdtY717AHbs2YWaqrJqtaURJNenkkO257m96hSf%2B320m%2Bnm126QlN%2BBxPQjo9ytlFiMEOrUkk24fcxWBRHuJHNTVY74tCz7RYArf9WUbUCM63v%2BR7be1WfyRvZG2GvSUdMi7kj3CB> 
Dear Customer,

",1a0b8035a133fa39,debit,regex
2026-09-19,Himalaya Mall,10,Other,626230493059,," HDFC BANK 
<https://trkt.aclemails.com/v1/r/opZdJifbKScs18RsmJ63U%2F9Nj0OuWX8OO6FSaDA2EXCT0Ak2meoGjDPw7OgAbek%2BuvWviaurGYw8pwHDEYsxbzJ%2BY4GSP8FBab%2B7N485SmmizVlkA2Lwy0XzNw4PlmBdMfwQReZlwHI65DIjZbcS5op2ZpCMswe%2FDSH5cRcCJGKPZVFGKXInaUEyZ3E4u%2BJVLbTMYhzNBf6MIFZmqsq7kXt%2B4t6%2BkfK69%2BFZ1ZQGj%2F9vmHKjD8iJEXHXYY33G4C33gyFkgKfCPXUlHmbULBkyOrOMY5ZbtZqJqGtGP4SmEJFGhp28t2SKW%2FO2fLpH8pjkkY4QKErfQIlB330xc5msETafe4drjcB3kWIIWjnZ7OLev9Tu%2B46Wsj783NX5p4CBlVqPN5xPW%2FCqCpxvhZL4A%3D%3D> 
Dear Customer,",1a0b80300c838017,debit,regex
2026-09-19,Sainik Seva Service,200,Utilities,626230313320,," HDFC BANK 
<https://trkt.aclemails.com/v1/r/SN9keUKFvAukW7YP6bfE4eRv55%2FG5iWP4sbv34ywhnR4fB9G1FbeGuTqBwzLJ66VJ%2FPN20y0h4syxXkys1PkD%2Fa3TAYLb9NY%2B0CBVL3Rbj42Nkfwuce7%2FHtZmkp89CBjFOVYrf8Y8LyT3C%2F8urKm7CGd1xUAD4RtAdVNkgtKaJdt%2Ft%2BIAt6cFjlYKiBBiVz4mBrIBdZRLVSXp6bPWBIEQ3ysoOh7zm2DoLciZMgwdkoKpmYI1pgwBanx0nK%2B%2BYM%2BqBevYiKMRT2KvqVscYAtN5xAxnRBr1zm1nMP%2BtUa2QyeoStkX3vbMLzK70fM%2B7NwgU%2BxTr6Hte6n6GG18qZuKmj9mkMxq7jUYkeTRzPUtJiyYsLvldoy0xxx7wxeuM6F4Zp7KYa1Tt5%2BtAOMThmysA%3D%3D> 
Dear Custo",1a0b7f661f682f38,debit,regex
2026-09-19,AKSHAT DHARMENDRABHAI SANGHAVI,80,Income,XXXX,," HDFC BANK 
<https://trkt.aclemails.com/v1/r/EomRtKnAlek6JObsqQytfrre5Pjm%2FUtLHYRFXKwUwm9G9zJ68S5laos0jnESYWIQ7XHZR7S%2FWxWCQrn4I6SBR0eeMOom8mLFTeFp9YA4FeUzkywuyb6psWILQYLvbhCbLQOsAqciZ65KGJkAmNYzfzjuNV6rfuF%2BAN4uqFy6b%2F2KhbAy2XygVtymyCG0m1DZnIv49V7wP8v0y2CoEEWBkpR%2Fe%2FFC%2F%2FZSzCqvQFveRAeU8Pq7PJ0nvWbRwLk1HZ27VrN8wMZgdQ4zDfv1sp0KA9O5WlnVk1YnUpd88N0VqCcMz2DfHPe5d7DCKPZq%2BBHQYL0KDQT4NElm8L2VrZzqsWsDlr4189eBNhJTwWn%2FRK4TIfgj41wYw%2Bw6DgGM6PgKKWSsJqVJaBPV9VpHcsqk6Q%3D%3D> 
Dear Customer,

Gr",1a0b948021442257,credit,ai
2026-09-19,AAYUSHI USHAKANT DUDHIYA,500,Income,XXXX,," HDFC BANK 
<https://trkt.aclemails.com/v1/r/mkf6paK7P4mBi%2FuJdAsfRFegNogKSzAdpxVfkj3iJmFzQBkgUDC1c341ZwYucQSCRt105mEY3IuLh8kC%2F6fUSG6JnL8Hr5uenhBJkuXias0ZwRdPm%2Fn6EL8SY2DcNSeMe5KGqmj162xeaiOX%2BgxAxTMOv41ATj2t1eb0Gjt7%2BMg6bnaiIs8nfsfs5ojGVLUxYR1JvXzN14MYnU%2FaC7fGIZAUCzjLAGtRpkOt7pfD4Wx6MTOE1bLzv5xyfK1cEYmOfFhd%2FxspdzYegwuOSeKaeKH7vVB%2F3pTwUtLWmmZob2SYOtbIG%2BigwLuZ9jy36EACn58PbIdVvaDZv3jJ1LuztxpmPYv1HuR2iloYROzsAc%2FqMdHtdP5pe2NNiTyV7%2BbvihVu2G73TVkFON4CLfLS0Q%3D%3D> 
Dear Customer,

Gr",1a0b9472e7e72f32,credit,ai
2026-09-19,HITISHA PRAJAPATI,710,Income,XXXX,," HDFC BANK 
<https://trkt.aclemails.com/v1/r/eiAhy9OYGUKopsFdyRSY9xHlPMNg0vXqnLSdtvuMi%2FWjvp8G2X0HJ1ij%2F4b2loeoXgPu8XueNnobgVF8zkBi6ZHxr698e8yt2qC2a%2FGX3MkSCn4Hn4qHOafKBcgYwlAeQmHweJPjaf5NIxhwNa7G%2F%2BzM%2FZ6jfG5y2FFCLWHPoGwCTjw8XGv00WbjJ%2FPsgCYF8pR4KtBncq1CC8ENm7vgCUYvrh%2FHs9VVsWwOGel%2FXLDCOcxOd0qfj6Tq8o%2BBI0tGIlig9b9qChgSO0cT%2B9ziny37aFrZGhQaFt8GKCT2ws9WF6V3v7aqSwzS5N4dgx%2BVXq53%2BooYNYJ345MQiRzSlN%2FHaHawlUCaVuQpBewgUURy88NjIgUOEiU75ezcqXd0r%2BACEGq6vUza%2Bkz7o1PH3g%3D%3D> 
Dear Cus",1a0b9472bf87877e,credit,ai
2026-09-18,Zepto,118,Food,129845658521,," HDFC BANK 
<https://trkt.aclemails.com/v1/r/enw4Sm1nFbUeykpyVnCrmX7BvSeglLUJFhktvAKYuvJtjIQsooREEiMX2%2FTYUJlEjrSQeeyuK6nXxUubzULwiYQDigEvXaaH5PaAhgGQZToWAY15tuoQK%2F0KXZTcZaPv94smxG1CWhq%2FoaWOsaQiAx%2F%2BbMaDvlEcSH8%2Bu6mYBWYTQIodEMtDuSVQ1fFL87iEyF38LJtC7FfYJbeaoG2ewi4dgt56QXIiCwQ%2F5O3Crblsn0PQZ8lnAUpo1T6OiVcqTr9jvoxMsr%2FfMEXkYuOnofPZH4GWjOV2kc%2B0ytcPv0rx9V6yCKGSXESzmQGiPzxP5RXmdmQgPxRKRgA5zC7XUKSn%2Fd2XQbQIKA%2BWCB4ZQ7IxstOSm0o1GcZbn4KNsCzd9rx8udoNPDWVJMTRw0h3AQ%3D%3D> 
Dear Customer,

Gr",1a0b5c652c44c1c4,debit,regex
2026-09-18,Swiggy,134,Food,626126491402,," HDFC BANK 
<https://trkt.aclemails.com/v1/r/bHoQsFCIFYXS90072GVUe3gL75xNAaHKcVcJrzNQqskx9n6jAPFTPlNgxcoV7ZBeIeb4VN6scfKLI9PuJ4tPO4KN5aOnz7XWhHHDghL4Jwu%2F%2FWB85wmSmvPqgRN69w%2FZmxQ72%2FfyAx8Oems00YBiiRf4nWSzy%2F8B5RhZuYlpm0M48nsDJG9%2F3ymnJJPm3Dd47f19b06EUNj394kZuPhcoHxrvtPvdFoGh%2FjeHfro9z1ObVSnTMzfd1oj535BYSQUKe%2FJrV5TKVVlI7sKlSmKolOwjJo37hJxscZ9TpUUs5vYmQeKSxs7hjqRy9SDIZnl2V6jku5o%2F5RyDXCGebp1gtfnyqvE9vpg1Ip4ISBnN7HrS4K8x9E4TojTiZLhsc9cfuhvEbrZSWGJhMTyycsk> 
Dear Customer,

Greetings from",1a0b536dc493840d,debit,regex
2026-09-18,Laxmi,60,Other,626120836022,," HDFC BANK 
<https://trkt.aclemails.com/v1/r/O5SayzeJfCROAbq0C%2BTqhCdpQvNt12nkOgbiKaXDuwvjfU0KMJq7yHFFwuRmUJZHRygGxgfGYdg2ZyHU77NAegOv7nmMV8om%2BZwoKmMR7X1TAr3Y1N8AwDb5Ta4CdqWVmA2gfLnBCIuzBk9dBqAW5FKE3A5JRXc8YXBhD%2BSM152Ywl2SgxFUznT9UnHqFkWZxx%2BZ4q0fPh5yI8oFCv3KiLyCx%2BFoaYga%2FZS04%2F1Gq0UPvVz%2Bxs%2B8pK%2FudA5UwXbbirWwrptBh9jRoNdwAfv%2BJG6vpu9yf3saqEN%2B%2Bo%2B5ZhnBt%2BdEfHjx2t8F2sHWoj9Szi4zCYBF%2BkoBaFLAK4sq4w8Fl13p9LjMJBZF%2BStA%2FVOhj8G9qbr4FXB09aVCUb%2B3Nsl3AmY4Xa9TlKSt4HfBXw%3D%3D> 
De",1a0b423b058a9f4f,debit,regex
2026-09-17,Batham Hasmukh Ramla,40,Other,626004385978,," HDFC BANK 
<https://trkt.aclemails.com/v1/r/4TEoTwjs2y13SyflareDq%2BmWmE1Xr6iwpFonVJ2gcU%2Fa967VrHjdwLmoq50P0c6TtkSUtUQvCJiR%2FlpOBxc%2BN2fBrWMicIo5zA12hmaIH%2FTQ%2Bzmyaa0O48PFttxwuYEBs5zDNGVwSmvtNIV2%2BmJzl7%2FITo%2FaZSDHzApdRdnV2Um0WCGMLu%2BoiMnws0Z2ClG9ECiwuSsggqZEpF27ERZdHkgwZcwsOZp4phAjCWCvcP2auCdDLqqZLHopVx054bnAok72WY%2BLftou1A9llugRccQ03pmeawE52LDmHW2EQdYNudf2IGBOm4yEjQUYBFpCgd55xjWVnlDix2kJ4fDwrMfVDXlXrAe6hyRDhZO%2FURIMnpjfH2Q%2BG3UR%2FFmJbeiGEFplWBOlURE1RMiDS%2FhRsg%3D%3D> 
Dear Custo",1a0ae67d44ce7938,debit,regex
2026-09-17,Meera Super Market,50,Food,626000713923,," HDFC BANK 
<https://trkt.aclemails.com/v1/r/t9cF0jW9ZUgA7Q2NcedtXkVDm7R1X%2FgUMUg7RaGCcaM5%2FlYWt8ouYFHk8mnxxGOHTGZV8YBZvWImMiRIDmKY%2BJA%2FEPkvJvNnzDm7%2FaxAo9V701OqIAuu3w50LSrw1gbgJGMqSDWDrNdwp%2BffswwCS1xpXJV1GvPOvEpRNMMiH9g1SA3slcOio3B91r9uFo5DT2CWno5hg8DlgjSmLpiHfupNqnV7kTgCZwPRMeglSDyODmNQpHU8jew2A%2Bi1T3S862hMwAzk2CB%2BWyweBmdXexIwR72q%2Bck2MkByGRgMlZIfIbSLH4tUuZ9rvZgqBIULI4y10XGp2aCqmv3VU91iwNVenAKnvzUIGb%2F7PV%2FxMz7C%2FBfrkrT%2FspxkwtmUoR7kVriTwiL6M8ZoaFWIwY3FhQ%3D%3D> 
Dear Customer,",1a0ad73f6f5a119e,debit,regex
2026-09-16,Micro Cafe,170,Food,662596289282,," HDFC BANK 
<https://trkt.aclemails.com/v1/r/DkFsOcqlE7AVL7j61Sf5WkV8zX5QmXpVPheWqAlmvLm9gX%2F%2FvDuvTpNvs6Yd4JcIg0N1QQJyJ9YaYxg1ZYT%2FCXFBOvSrasdYxApbpY221RngqLbi1cfriI3661hleREbn8h%2BPH8Kr3gTccHYOTDTfoeetbax3AcrrdooK4S3D%2FwKm6wYdJbGLC8gIfX%2F6lL87Equ0Um7DqIeAwbh7KhIWHV%2F2fy8J7b7WwY4Sa3Fs17%2Bh7p2p9oqW4QMz8yIhrIdW3yyxtb1KybJaAP5ZGEKqrGga%2FGmCnLvd5PUS2CJyj1i0vzckCrs2tkBBx4hoxPXh%2BrYM2v0WZJh8wA0xH5UXwT4FLr1fEKJHNacpcfcmXZ4F15g3XxXpaCVm8rBUDZid6kOBwMfkErUBSugFeI%2FwA%3D%3D> 
Dear Customer,

Gr",1a0aab1d42ec2300,debit,regex
2026-09-16,Batham Hasmukh Ramla,60,Other,662589617925,," HDFC BANK 
<https://trkt.aclemails.com/v1/r/ZfOOmeyp7JsNUjcAMRGz4icxwO03tq4%2B24AMGtTwEREefjgSTEQxqkEP7ZHJKrWSb1z1xDxwfH6QH3lUnD255ccEtmA1DwHLp%2BxQqwTciGJLY1qlQwm%2FdGCvUaTAGGdocwW0kDoM1ZmlTK%2BhIOPTifJeiCZbZMqRKk3WcwIjTvT5K%2BNwU%2F1vt4%2BoHaOn6yfJNM4QqDxU08Ng%2Fyv76ewGF7DuVMZzEJVwWBXFBpvVlBf4QEUp8CbY%2BVmZAap2YDHIHy0mzPTzQiqNaSV2liufWDZ9IHd%2BNszuTR%2BwZIAzh0QINkseyk9nBGVGL99t5qC%2FNhrhSRdL%2FQX3HPMPr0wsFj3H0Fy17bXvswv5FVVQ%2Bwjv3gSBIAAwoEbiyOubWT8Ca2c%2FRYTrPyx77HgN%2BOiX%2Bw%3D%3D> 
Dear C",1a0a94a2845b034d,debit,regex
2026-09-16,Balaji Chole Kulche,230,Food,662589418917,," HDFC BANK 
<https://trkt.aclemails.com/v1/r/AoOkU5el2MZIdeFmcIBdrLjmJAacWZHDIiXomaSR5lGpEJjvVlHAz26uxEMbS5PqwGBxY1Ldk8AWbaf7p6Eulirg6UCQuRY8VibzmGNrJ57DQ9xDy%2BgibjLjB2X1kRYSD0ioy6M09SDYVHqVz1x5HtPz7FRILopxUNGci%2Bn7vFRiGLZN%2BN%2F0sXzN%2BsrCk1Fn0WvHoU%2FBG6KoheshD9ROoWWk9E%2Fi%2BkhCJyT5sai3y5k5NkbuSMXEgj1Wc1G%2F10jYTBFfzTecgd%2BI%2BdBO%2BPShzD%2Bvr8JH211MUwjTlexAgSbtBXXw9qnapuUL%2FOQq3rdi7Wb5FB32JS8gMQrR4zYV%2F%2FlMA%2BJnPmdY4KuDvmHqoC0ok%2F9TvRB6BEuT4epE0kK9c87%2FGKHSVHGMODAVEAKWQw%3D%3D> 
De",1a0a93e26b330306,debit,regex
2026-09-16,HATHIWALA BINALBEN PINAKINBHAI,1200,Income,XXXX,," HDFC BANK 
<https://trkt.aclemails.com/v1/r/RBl8hrbiNzH%2FA%2BU%2FyylI4Ya2StENcCr7hBEPxDn1e1bmP%2FRMlvJzXlD4F5hCo2ysenITcRHiet7Klk%2B69Q4cJQzBuGzBvYZ5gcc0%2B6XI205k0y9lIfQ29QyGJk%2F1SiMjJZ8267TzWWcZdg3hUDKtIbLMNDaA9tUPYjRhUzjU%2Bpl7OJq1ka0FnfLdlprSt2%2BBGEPwvyqdSZxjI5Tk39brF4WKzWNzfdpTA7wstX%2F9pC0YUM%2FHOLycOsMeFnjKFsBKLVyq9Mp7JQbsdV2k8BE0Xzkso%2Bob9M6NDaVrPXkZRXbQXAezwSsAleb3UWK%2BxIrQCBMAHE15iPn2Ggp9sx7gKPiwgxSNx0l6W1DVGEuXWDwY4HggQktgO9RLnFNwXKvEZetWlORZvJDA6CRdomwCdg%3D%3D> 
Dear Customer,",1a0ab1908a500471,credit,ai
2026-09-16,MANKAD ANSHUL,60,Income,XXXX,," HDFC BANK 
<https://trkt.aclemails.com/v1/r/ik1MEmjNcYb0JkeZKjzsg7SeaOw1G%2FubEXwbfw1WJfCa3rwzBhG%2FPnNW%2FoMU%2BT9eGKglJtGO7nDaY4YJFBv9kdtPrFA8xh3bmo43uJ82aO715DZDfPx8xDaDgj%2Fn1F2fAchmEZD7JcVIOfuJBdPEOlsbP9xi1GSUQAWvRpviRFe9Iv7%2BVYjMPXJwi444xh70zzr8e5OeRH4SOD7j7m54fbLCSZXZpn1zYQAZ8y%2BXKQilAEghR8gEJMdTJSZnF9ir4zZ4llcIhWu3hi7TNpSaxd1ZPhYLht%2BnmecmJ6xl153AE06VkNSPf5zu%2FCbE3NoNrOp8Ixh2fs9d55Gj91nBXMoWCzONBkONaIsIA5Mj9yOCCkTkERrPDwdGuYNDZkqirO7itvxuh%2Fjy2q3wwPoKdQ%3D%3D> 
Dear Customer,

Gree",1a0a93dd11afe0eb,credit,ai
2026-09-15,Zepto,203,Food,129677019536,," HDFC BANK 
<https://trkt.aclemails.com/v1/r/V3nWvjqB00goIs0eRUUXMvOMJIycnvOWgIWlYhg%2BZM10VFJYOiGdLs1%2FTkitAE%2F5VkgjPNMFwZl2PltVTw6CbkLWlx0QO%2BT9wPZ78gV4qIEL1ISY64QTOtHL7S5KW%2FPx619MAnjyGst%2FBgBFFgiIqwCjtoBh3mMHoWd9kEu8vc5%2FATMrJzwVKQ4nfgFwDGXaPrT6JBqoxB7HRAEPfb8aCcCtZBN5zRFjBBPyjFHK%2Bsx0xeLoe3iLR%2FbC3I4w19IHPDat9cfnU3OUd5C4qd%2FsBup4Ytnjbn2tiH%2BX%2FKDtJ7LWERb2OHxKn%2FXXD8VxDDOn5jFyZwuLRGg88y4q6JeDSv4oH2c949zWDVCxyICQR7665ZV57xxtXgfHaGeQrJfWSkomGkhktbBLCKA0t3xfVA%3D%3D> 
Dear Customer,",1a0a618fe3fd8c6f,debit,regex
2026-09-15,Ashapura Enterprise,25,Other,662483461536,," HDFC BANK 
<https://trkt.aclemails.com/v1/r/uhZhjFmO6W47M6FARGovKLe1eOtzrGtMq9n%2F1i9vFeOqIdlUDJ3GOUc9eBnZB%2BDRcBoMcOUZqmyULClKRWgDSK7c%2FjPCo4z6qpF%2FReWuZpSZ4FhW6EOS5LUa%2FlvC6GKrhjGNPCuNPrsv%2B3gjV9MNcqOwYv8OBYNepFr%2FkmK6uoWykTClsW8Ky0ju4eyiRUQz08D%2FCZVQa%2FkMXVIfNLbGLK2oVeDr6sa50dosXe7QUU3o46difjcJXGBA6ykFGVE9KIw7IVC2j5xYgu%2ByZOkM0kpLrn21hYV%2FSxm%2FjNLZPBmiKY73x06uLKapaqNejqX1qMRtzb0vAlNU8carNPbXHriLMLCOadzjEO5IvI9BMsqEG8h1VId2fIGdLBioyF1zXZSwLPTxQuh9DY8AV0JhBQ%3D%3D> 
Dear Customer,

",1a0a5f60cf3fb5c9,debit,regex
2026-09-15,Swiggy Ltd,134,Food,662481400254,," HDFC BANK 
<https://trkt.aclemails.com/v1/r/mLxOMWDzA0IU4nbrsEcEIwW6twBJki00%2FfWkGZ5%2Bd%2BsxtknJIU9XTCUJNN9TJgi7atAKXSBt0AJ5Hv6fRfbX29ZvCJeNba9Kcz%2FGbOgu5UbMs3psoIXQAfIiF17Xe3X7zjOqI2NvjgtjUWmGOILc2DbeJBkIeWQjFxzZxTFbj%2BSE41%2FLKPaglVunuk5HHF8BYGTOk27gBnFOPJ60zvT1rfnXifzCg5nlNytOg7Vy9yG%2FfVr%2BDWTK4hIIuoPJW9bSDS3Quac8hB3Z2%2FfMLxt2936QXPPVZOP%2BIWWIJHo7GXEWDV%2Fdw9797BiDSXjtQiVxnzD80UO5RPz6m%2BVmHrffvACjQoQmm6sS9C2Qoqyjij%2BMutOZnlWrkVq3Jeh%2BCNvEL5J9RjOX4DodK5nJR5Y7SQ%3D%3D> 
Dear Custome",1a0a58839eb35247,debit,regex
2026-09-15,Shyam Paragbhai Rupareliya,30,Other,662475323733,," HDFC BANK 
<https://trkt.aclemails.com/v1/r/FhniL1pvyB1R5aBXkYobFGYwLlcWz4Zj84etx65qMbAjf1oVlLI%2FNjJ%2Fgm0ZuJ6nnP7b2LNWISrs6m18wOZdhwVCMRjkwLkrqDe5LyP28SvvrQHqraoVMKBYQCKPFU6M8o4NBqEAZsPhTL19f6RVMi1XN3Ce0bN6Wz1qmK9ALvHNSgtMAcEMDPGtB5JvE2rxPmzAQpItJ99PUMCGuYi52vKs%2FVZcelivYYQ6sv0Js%2FlzI5g7kB7ppUC3UV7TbT4YceWzaZACXN9UofeKxvAFcvrKuwoSKWmnM%2FOaOMJ2OZTu7ofhDFuT00EL1I1KilYoLzMFfI11i768SWUoGESu32K92r2REo2wsLoAgpHauAndtaRcntnuiKx2GGf%2FfYKLgE0cBwP7MqP08repCaYw8A%3D%3D> 
Dear Customer,

Greetings fr",1a0a43a5656190d6,debit,regex
2026-09-15,Jay Kalyan Caterers,30,Food,662474687211,," HDFC BANK 
<https://trkt.aclemails.com/v1/r/hAAStxhmiL8uhhU5eTuNcWpbFqqT%2Fnv%2F34stA1JxUyai7dDvk9nsJ2ddfZRUfxywTXsK7BxrCQ300mK4P1Z0ot260QweV60Xe5wHeYpDl7V%2FNQr%2BoLe5gUUQ3prS25lPl1gvy2Y1s%2BbiYkc%2Ba3kH%2BXNgNQAs2WYBomZjpAp92FqV0Kbt86ZaTcH1yKU93%2BAYSXSQNO1rLPxXFRMUf0PW8IU6DdI3IArARyvK53FAAib9YkgneueyNXSNb1tPB6ZsSWoK%2Ff%2FHb1ODaMkDNMIYcROaH9TVqkyXEOUDAj7cWEigF93wkVEHEl8K4dCAxQM6AcBZGdqrKa9R3tQewbFlzKIjotaSXGPpVvVWQzMaFTzOTwU%2FBYKbht4ZwIOGM1f9KUc21Ydq7J0EzO3lTMVntA%3D%3D> 
Dear Customer,

Gr",1a0a412b54c815c2,debit,regex
2026-09-15,Prajapati Hemantbhai Hitisha,250,Other,662473951177,," HDFC BANK 
<https://trkt.aclemails.com/v1/r/NLX6vQvjYl5WA5BoJSlGoacpi7LCmnAiNZkSynee2152ITmMRQEg0kxKWJtnbMQJmEogkS3cxqBRrvukmGKqtnwTX9eHeC3V8mLh6Y%2F9IvD2dnp1Mpmv2J3JtymT11QfJwRrXR0AMEXwAFur2vNcQJbCWdJ97NjW3GHmph4bGy2YzhQ9Atsy2XIQ7D0BptqcD3sMuLFakMlU1mRtc6S53rTA0ObDfYrM1Vk76rigk9ZD1A6xkauVuu2xo8H2NIFxhUaXgqDjLZTa%2FjlAkS9%2FiqPkNZAra3DIrZQlijA5vzQbIRwdkzYN2FzhHIj6IQgdH9UL3C2mCYmzSPMjxzZ8LW31NZjI84rLZW3f35%2B4CfSBH6S2WDJlsH4rxRPNmA4H08IV33VTYm1SGj0KE1NWRQ%3D%3D> 
Dear Customer,

Greetings from H",1a0a3e53cc405eb0,debit,regex
2026-09-14,Meera Super Market,40,Food,662365313718,," HDFC BANK 
<https://trkt.aclemails.com/v1/r/4nTLo93LRg8WHcjLXW96FqG2prhpfKdd76%2BOC%2FmYB3EpUBngofCMiz3pOhPI8M0jzyK4Pn1KAJYN1%2BazgkRXNDUtuxrH66hmBA5hk78VQ3TTxnZ9rBOtCMOjQnuATt3Y8P1t9VPb6xvw72plRN22QmLW%2F2A9Fb4OZRwlvJHjGRd9ZocDni5btniQWWzz%2BPxvjBkFiJMp3vQyJJ49e%2B8zDnp%2BK8pHwbFq%2BGIZMNIKw11B1xnVn0g2M0Bh%2F6M0frpEXJ7%2BkKqmUlMFlUdyG3K0iwSUJXvbuXn4blILZFvy5RAmiWMlMq1cUNXgJyVRR80OxUHG6u2sJtwzUUZcGnuEp42dMgI%2FlD0tnu1rgpLPenyIvvYUh1Upjj9IlVKskjFJxSIhn2TNsSCGQ7Vm07%2FU> 
Dear Customer,

Greeting",1a0a013ff65d9424,debit,regex
2026-09-14,Laxmi,120,Other,662363312478,," HDFC BANK 
<https://trkt.aclemails.com/v1/r/ikweOtwZ6B9AGLPDEiIBbK9UUaXZGoxiAUb7h3TOVzRyUl38P28uMT%2FoyL4sbjHgbfFde9dXKf3bRKMIDTKUnM6avmUP3565IiUbXtHwkdaCtW5kQVPIhGtD8dirt56zZkGta4Hj%2BP5zvc1Kxh5dygZjhOVJT2qehAZpteFaLtEdc134ryPiR4oFqwdMuN2uv564T9PKeF5AzOjLpu2M%2BPYwBV0MGIrlUdt%2B1MaYeVXebrChS2zu7C4LjYs7JCOswAJasrMYkRICh0grxEKjDpUcjhVAe77tCOerrf0I4%2FC61eNj1EPnv80js7zRWAAJB%2FVVwrmMVoiFEDNe8pkC%2Bi%2B1GKrn34yFoR%2BLrWIo0z43wnYXG%2FqMDO2vQ%2FZrJH6BWN%2Bq4Mnrrw8u6uRBm1ej2g%3D%3D> 
Dear Customer,

",1a09fac2cb17cec9,debit,regex
2026-09-14,Lavkush,10,Other,662363221748,," HDFC BANK 
<https://trkt.aclemails.com/v1/r/GzrBZAy5v9aeAyogqlkgyD%2FsL5r35fcKJLUNcmnZL8%2BZviQwCSrSbuVDXslfzSkWpOAUUe4wftbxrlXoKxQ5DxToSVyZ5eZJzp8EqoGVW1zcubsNSk00kloMeoq7OXsga2VmQQ6qYZ8NgdrnVrb7fSEtm2Sv1dS%2FZVtDBTu3zRkVV3oc%2FceOVpE%2BeKk2C10Upe98AivvrNqa6sgEvxAtxMakvqL3vvA7n8MvCpbqy%2F6e%2FZBzwNcMw47pmlNSQOG0sfTvv9MVqewO3gnKgzgnVIAhqKNWWiIJXrxeBjNkABuFnlGShbHBgRBsWOLNntDGXuK393BSbR3eZM4d7r%2F9eXFdSTjqwxYoDMT%2FtV%2Bi26fRCL4cH%2FvzP8EL3WUtf6kp7LwHavtpoG%2ByJCkiaBVa9Q%3D%3D> 
Dear Customer,

",1a09fa64697b1d0a,debit,regex
2026-09-14,Prajapati Hemantbhai Hitisha,180,Other,662357203173,," HDFC BANK 
<https://trkt.aclemails.com/v1/r/PrnhdKcRjUjVUMH85FMPwCYuEvua0iQd2uUKpHVB1KpRvwIyGM22Oo3tb5rivR%2BG4YC%2F51bOHKBi5aiblKpafRQXRysWy3%2Fc2nUqf78JDinaSxq8ISDdiPN6wWvoZSCbvrY4eF%2BSlBDR0jd1Jt8v3mka42ZdnJs6JIEV%2FyxQWjXb39SUof7kRQk0dABuHuEhs9XDXZzyT3wPmvWU99UW0mmP7Dl5B8BMecwkNM7WOKfq1%2Bc%2Bli9mKYFhjFEaeUbiX1YEYKi%2BpGIkd9avr23rzEWRj8xKb8ahKoBC0MP5UtjK2PzRc7I407CJmrwM2sUdVFj0%2BWUnD8sE%2FI1XhIWFTuWR3yQJOimLFHpy0M2mn6GPeHpsjYQzMcyvxKC0bqmOu%2FcpQRfebM7vlOnl9H0mEA%3D%3D> 
Dear Customer,

Gr",1a09e1cc25739e7f,debit,regex
2026-09-13,Aadit Petroleum,200,Transport,662251019298,," HDFC BANK 
<https://trkt.aclemails.com/v1/r/OfJCJJyI7CqT4setX7SiXOJvh8%2BIFFvNjoHrSXffM%2Ftmf64iKg1XnFTgkApCb9NV8etstHCORq3498UgPGvXq80UESYAF7mDsdSUv9%2BBw2Hw%2F7s9PKLX%2FXpcy%2FOl%2F9XJbQMRrVfQgyKM%2Fi1lmYrkFXP4RzLz8S0Qx0qiSGsjeb33CXPx%2BTqsk%2Fjm1GKA%2Bhh0vfY3b%2FwVmcg1XOAf8vMVOn7PvmmkPS0NzkSjPwJDlooVe4IfbekID%2Fcbzdw3%2BluyNsMFyoZonO%2FNoe8UUoNvqLh1QtIsL%2Bqblk%2FJiy%2FNx3%2BmBIJiEdAx1tHblWC%2FsJoUkEeevZjUdHuMSoXk4aYZ57a3ZE%2F1NjEk%2BYcVTNzCySzHIrf3dIoxWAhoOCZVF545dIkOjuAoAT7VXSo9E97upg%3D%3D>",1a09b0d40e25487f,debit,regex
2026-09-13,Parmar Harshit Narendrabhai,20,Other,129555336488,," HDFC BANK 
<https://trkt.aclemails.com/v1/r/hsNzfSs%2BwZlytbYRFT053W6qIJkhmU0NTerUZ8i4%2BEoAL01BE9%2Fb6YcuLTr8irALE8gbZVby31jgtleRuSpTo%2BFSn4nDjd5wU1AIPvh7sgS4V8iohAd0lLlP2oixJkqHcfO6OMc%2F4P1SXkHuLjCRjUwO4pqtpojweFPUPd9aAZgsIwFQ%2FyS6UV5LrUQ7CPLmcxJKhQqsLsiKwfWkcEBuYgyzYpJqsaFrqCPH1O1X8xzmmOUZm7f%2F8pwK1B0Qj%2BWALtl%2Flr2ckdTDIBuCn04Gj%2B2FQ8Eg3Tbk7Z814OeRMo0AHtdxQ1cUBBNt4%2FvlsbXHG0llcWKpw1hNjE47O08vwKdZizvv%2B7A78WjntL5Jlnbv4i36%2BASfdTytjGcx3Ktid2zX7rIXcJIoGuFzStcJ> 
Dear Customer,

Greeti",1a09b078d5297ce8,debit,regex
2026-09-13,Parmar Harshit Narendrabhai,500,Other,129555317862,," HDFC BANK 
<https://trkt.aclemails.com/v1/r/0Q3INb7FWOIVlynCRQxHI%2BjYjk%2BcykrgDS8FangXqUt6gSFp1Hij0icTxNHwjeLlm66PXykwRRkmXESjO68HlCbm6cdlbw5Ijb%2FmyqdFU583UigN%2B8tA%2Bjc%2FVTuld%2Bc1D68xb0yo58iHDHiYUtqe%2F702CTD5yxzbpMdOG70UAKK5SR2zU%2FhMlOXW0F43UXOt9UzVwTo1uYKjLQL63wHZ6RjxQcjsvX4NyznK3ldQ6ph%2BTePgxcFUWXYBPvW%2BA0cr5%2Bu9p4PZg6rVZ7LlMHfUCPwaiCYdmlNMetrZWR3PltwWxvfsD9LB%2FWjacmX26BfEIEna0z3UGZbj7Cyue%2FKGCXhBZD6F1H1lbm3pSmXzSupwXE%2FOX9REDSBF5l4JJLyn5QSI7gE1oihewYljkC8jdw%3D%3D> 
Dear Custo",1a09b0754e374e50,debit,regex
2026-09-13,Mc Donalds,156.44,Other,662247585588,," HDFC BANK 
<https://trkt.aclemails.com/v1/r/nCyT9oxMUqwPLw0yW2GrKMHWn%2BEhYLCHP7ZJrVYWj6mFqnZStPb80ZqbdXRPU5FW6Ilqxa24DrCYQMPlbszHcbnOaj5qGEds1eYwNemllOcjell7euAhMfc17kx2cYqnI0wQrrCIRUAmPcrlS53oTWFmCz%2BckYWG4yBo%2F1IISIwQP9i3Po%2FPDNr%2BQzMfGSSgEd0vxqoVMQ0nBzOKSgrMiPpdkmNztlV0MxoWzVh6%2BFa4ZkDKndLmFTlWegry4K3WL4kknc6SPPiVqygN046C2vYkHZgxR%2FTh7yYk4zOHKtEChI84jmd5ClSW08WhiEfqqoEMfGJ2UkmVTQEC83%2BuwGloqiB5w9nJOSGyPx1ZRrAUwreGqjhwTLM8DF8P6o2%2Fu694bEwxRb9PjY%2B%2F4qxAng%3D%3D> 
Dear Customer,

Gr",1a09a70536ae8207,debit,regex
2026-09-13,Mc Donalds,208.96,Other,662247576748,," HDFC BANK 
<https://trkt.aclemails.com/v1/r/Tyi9bY%2BiRS1IQcNXLU7YR4nco9GszNINORNOR03M%2BoytmfvNhryZjy3dVR49Ignymcp1EukSXIHvU8gIlXOPcCLU%2Fn1YZYV4pvQwgbVeWkYHZtGvincQwJbG7ypDvQNkeT03OxUhaSPJIlSrh6dJv7RvBI6cs8JpDZqimiAMeSxSmpvI7pnOG%2FVlB%2FUxTup%2BIZ1Xt3zepZVIOue6NNOAGjBFcwt4ohadj1wIV260UQkXD4FqSvL0YFq3rh3F17mGhz1Dja251mwx4N6OMuECpR87%2FKhPQ75DCxUCF%2FthclYfuSdv%2FvSRPfoAScxJeod2DFRta1QtEuRBDxd9eB0cyb3Ou6jFrAC1dAqsMxanNRAV1dJ%2B%2FP68YqEk2yMH0siW3co4zLmnHIBvEwGIJavO4A%3D%3D> 
Dear Customer,

Gr",1a09a6fbebff7b26,debit,regex
2026-09-12,Dakshin Delight,70,Other,662130898437,," HDFC BANK 
<https://trkt.aclemails.com/v1/r/%2FtwBi%2B%2BR0fq%2FFZ1La%2FV685wr5MD2kXOelBuMKg1bvf%2Bk8YrqwKmDOC1YsADZvg774bqlBZrWokWyzpVF0gC5NGLVP%2FN1fCIN4J5TAmEcSApfaeOplIg9KmPPVcPls8w1wAKhHimYsa%2F87ZXOAjTCPM8PhNiKsZSGnjsUgvOy%2FmlWTk2waNvr1E%2Fw883XxcDU3Zhp%2BH96SuavKyj0baTNHIfj1vH2OWnZ99I6sTALMp8uvPcXKlZXjxX3QLT3H%2BvIStP8PYUTxwpz0%2BIkdkuZ54XgPZsU3Nl4n%2BNsCBPWZq0rCuq6KnDzI8WCty6gnNEQ7pON4ycHG0hboedAL1dTZyWEIceTM2pEiZ%2FfBwiPPVuQOPeRrSW8n56h5kl03AmOWh42mpi3j1uDdwKQWh%2BZJQ%3D%3D> 
Dear Cus",1a094f8c254f7fc6,debit,regex
2026-09-12,Palladium Happinezz Icecreams,250,Other,662130713471,," HDFC BANK 
<https://trkt.aclemails.com/v1/r/uD1iy96Xh1OrB0X6GBPZWnNVP10OcojFKKbxLwXzfR935%2BFb4BLa%2BCRAKsQIbXkscGgXD2bjDq0d4OF%2B28eyL5vMgS1T4aafoOiebSl0NnKQ0JlYAWD%2FuZynw4%2FLXz7s8cSxOhdDWfSgAqSMNShn1RhmAr01ZMBaV4KB3oMdBkGZt6UfpUIlqFOFMN%2B0aATx6tLrqLMdgsM67v9QRFkbmvmQ5eOMN1i%2FjYQQFKVVurjVqTbkrXOxpugV4chAe4EGw4AIgPrBK1QORg2788i3OEiJIxdV06gNb4Q%2Bs8CYhlqPUDQPsMDs%2F4q92MiEeaZei8WuLBdJSQOc8vWzQm0pgefk3ELi%2BBYr1713Ij%2Bxnywzy4b3p8Hz9ZUw7Vx6wfQPHzuc8pnVBfV4xoEM1bnQcw%3D%3D> 
Dear Customer,

Gr",1a094ebe6fe48337,debit,regex
2026-09-12,Masala Bay,850,Other,662129649896,," HDFC BANK 
<https://trkt.aclemails.com/v1/r/KGhueMnVEVvCwyANndUH3bsfCmKeLef%2FxcetLJcq0iNEUQb4nV0Tzgoc6iAKJ%2Fdx6SiitifKfUQnvLjIfV2zynMZ0eF6gRhtGsW9y%2BLMQSyHiWNG7HA%2FnyjxGEMaVID2GSa%2Fs5OZNgeGM0VbaneWnVNfxnUUdzG9w4gDJEyKpQxJb0S1TZPG%2FAUXtYwlHp9Z0s61AR%2BPcM%2ByhCtmJlFFTjHf648HcCww%2FbNXz5JbxpE4NzUMBiAcMrmB%2BGOtNxxUXlodEUlJ2NG89vWd%2BRsV7nSiUCtnpqERa46x%2BlzqaCoQOJrTp64x9J6NqTfJYecVbR53UG0PrHF7m1DmIsSjJsUQavyeiriDl92cm8iYneIbsmvIo8LssrOiIFKSCj1AS3dCamZlTSWuPeHMR81dfg%3D%3D> 
Dear Customer,

",1a094a97be6209da,debit,regex
2026-09-12,Connplex Cinemas Limited,320,Other,662127188303,," HDFC BANK 
<https://trkt.aclemails.com/v1/r/vjygpEEzl3t7ZsB7WVdYmEM8Nz07OHxNO6Y6ZkFttEJybpTUmUsU5Q8I9Jo%2FS0G5VMM2VfT4RG26Kz0rKo0du8HM6gsCcu7EhMJ12RBSKjTvhViQ%2F9p3Hj5bHaFoIsbCO8vKdknr4nLxAWOh0AhRWjoE5mPjazHMxP0MUqaYwGxVYOkWn32XpV9uWCY5Ytokfsoh6tk%2BwZh9lWTDxEANxTyPJrrDbzf1qDbXaYdixxMMej7CQwjs%2BGlvaaL6hJjpAaQdqwokR58EaJwbwNeggM0C92wkFzAD35sbEd4kbKw7y%2FJR4Afzq5G7C23mffmA1vKVdnQi66g9ayEhgFwlRam1sK8324zypdl3aWKLTiw9NdubhLSD1bGW7TnxYPddDj2HbuSOMe7aFBXz2u4c2w%3D%3D> 
Dear Customer,

Greetings from",1a09410e661328ee,debit,regex
2026-09-12,Connplex Cinemas Limited,500,Other,662126079517,," HDFC BANK 
<https://trkt.aclemails.com/v1/r/OI4rmoB4HZuAYHpJxXDqrHpcaYNjAnhnUHWqN7Ypiw1MbO5%2F6JzdKnjxSt0%2BuqrPiv1tcOdCQJYEYYK%2BdeRBQ8DjUpceT4viyP5qT%2FNBQVVTR6JrcyfVsZh9OkC8du7KL4EbWxolz6f6trAhH8GXpm0xXre%2Fkt7VJyFurrxlhSAPxR%2FjhD%2B1pCLpJv2jcKfqGVpD8URcVKkSYFAOVGef6Vso97heMDwD%2BPRDjr4WXpgHyq1MgKHyBcQNhRruou8Jr0Cw%2BwlCMl6C4ybhCXRBVyNqZSoCKI7ATBSHjthVXSba%2FUYthjk1pO7mnpnYBW3KNxA3GIQOIF623oKCLjYvnKQ0ZyoNXCuOjsY%2BlEOfQkhzu3WWO330xZcor5dVBJdQ52oSt58fS%2F5N2tdaLaILow%3D%3D> 
Dear Customer,

",1a093c3af12aec7c,debit,regex
2026-09-12,Tea Pots,84,Other,662125640850,," HDFC BANK 
<https://trkt.aclemails.com/v1/r/c5HJjYgacAObBe4BwcFhL%2BQvetaZL7E6g0ZSyK4FW04tnNtsnRNziW5xA2YeP4Iba%2FSlAOE%2BlvT1fcjlY%2FDPWIm%2BpKgdCjDhRSegs3nFQClBWrzuoYc4H%2B69yBJgqfK0eQYvjeRnygHzWgW2JxEK%2BadVz9AzodBYedlWzG2gOrC0LXhEnG%2F5YAnzzpuoP2wbvud4%2Ftg%2Bn9n0v0uSaZ%2F0vr%2FbVoQ6gVur4frgjaxzj7GA9BLJgJN7X0GkOBimgY9alct2FKZNrpdJpGiOj6mF%2B%2BJ1OxIcM0UGZ82jt8g2AURxS9WTOVe8a48l%2Bhpx7SXTL6hI4Woe2fG2eKPrSoVN5ecoA7%2Bbfo4ifwA82xu8M0HmlsCcUOSwSFKK%2FpKjAcfIXe22UvUDaylVzINcsAmbow%3D%3D> 
Dear C",1a093a11c5c378de,debit,regex
2026-09-11,Kuldeep Kumar Prajapati,120,Other,662019961296,," HDFC BANK 
<https://trkt.aclemails.com/v1/r/Y6c0%2B%2BJ3TfitqdipFUfmnyWqP7ke5gJ0fOzRwePXus73hMkH51%2Bck2E3Z6Lxh9eSPUywuCiZ7lPs3LYOs9eozo68TyjkXXSKtoh6jALrtdA1EyPXdeVbdvvg90EzDbbR6Tr2mZcrz4xaLY%2BoZk7jM7yJNdzA2Tkwen9JUqJDvYEdUkoMIXQX1pjcqfRUqsoOZvKKfB72JMLgDzS1Wmd3KtN1asBunu%2BLoxb7Kx8wEjy8vpIC6uoCC8IPXKo5TW5NmzsalqZnHokUHBgEqm1PnKWUYH2yvVRylaUM4e5GGHDQwBwK842lHhJ46eYVk55VoLW3U96DzWMSkz5kMMuDfn%2F6luSqv%2FcojzQoKQ2MNzbYQFpOPI%2BvAq6yVlxs%2BswEutpcCwmbXozfXKMsMfh0wA%3D%3D> 
Dear Customer,

Greeti",1a090bba581b0692,debit,regex
2026-09-11,Jay Kalyan Caterers,10,Food,662014318155,," HDFC BANK 
<https://trkt.aclemails.com/v1/r/dICn5vFl9FITCD36QS6PBKxKWjfv3BcqWwvewcTR9qSkVbrXH6%2BhH4XCKhwkJD9C4G%2B1l5%2FIVHCvQtPPj3Y0PJcHaVVVsFJf3hoDjF6HwyphLLoy1xpq6ZYP3WmywQpDVUp5%2FJstYidwK%2FdRzVQqj%2FN%2BaiQ74woBbHeqk08aYELNmi0E9X6cX3u0H6CmtRJfVARGhaVBE5eXh9sdxSNraB1AmnOlETbsRYuQC5%2B4bRJqTambJkff14VYi5VoEgmHVXo51l1Uq3zTcx1tLs71elY%2F71oAh4ksjCI8wgPC6V2O3hmPWvHHhRCh6HLqX2V%2BkYuNapls47Pd%2BFfX3UsXqiztnOmBVVzD%2BPiwVYXk%2BO9kmSi9oiTCVQsZjCx08hkDp2Q%2FL4%2Fj7Z1ljzHuK%2BUclw%3D%3D> 
Dear Cus",1a08f7f3d2d0780c,debit,regex
2026-09-11,Jay Kalyan Caterers,20,Food,662014309453,," HDFC BANK 
<https://trkt.aclemails.com/v1/r/poNoGgs83%2BgnBjzaJZNtxahQ9gLYR%2BsWvIVoGOgRzPtAXZR2voQLLVKRjhGZ0vOuwvEF%2FHWBjusP9I6KCggmZ2WLebeJdsTD6XNQgyM%2B3u41OAu0%2BrF82Pb5Mbotgs4OAhQ5LAIN%2FEKU%2BhFOfom6iqzTQURNAbUcvyB8FhwIHHU07PDocw6RoP667h8eX38QzMKvZ3IaoqtU3ItY%2FxFimRiHOUJDqgOyF8S4CrC61j9S9ZM%2FDUYlZ9Trzl4uI9OBYyeO2tlzMk184ufELg0tDsNr8KrDXEtpGh3GsZN1xFboPtt8MS9D4GviAr37r%2FyQMPyaKJj1LiRLgrDUYWyfRdDuckGVuI47ejsO8unLTRG2ExkW8H9v3E9%2BSYvUBDM%2F0RH4K5z2f%2BZWT52mvGGAmg%3D%3D> 
Dear Customer,",1a08f7ebcc92f087,debit,regex
2026-09-11,Jay Kalyan Caterers,170,Food,662014016208,," HDFC BANK 
<https://trkt.aclemails.com/v1/r/48inO%2FwHdJXBya2I8nY%2F%2BH9uXmhcBrhJ7WffgW6PCPL9sbdqja3gr9gW9inw4O2HOHnb6DHhbNzOU%2F89Jl1lavgDF4qZYdKEN943uRNQN%2BO3xqKttVnyNGteZZ4k%2BsD5B78hbDR2ah4I25xhZ1hTeMGQ2YlAqiCRVf1nIbuxhPuCa%2B7sJFjDDkU84kKY6fcZYyBnFXzCLvPjgUBxiqnxvL4nqvotTXp8FK5vtlqV4CsKFuxHaREJN%2FWvWNI7MonNn77QjFtdJgtuqvNrgyzzOEYsUT7HTDlrIze4okaHKFYjAfER7jADXFR3SPhKtn2Gn5FCRGd85XEa02ejcgXKhyCXZmvTg6tRdSx0orZ7%2B0ywBYb4PMv%2FCVva3CPZn0OGx2iHsMRV%2FLWcW1Kf1pTyHQ%3D%3D> 
Dear Customer,

Gr",1a08f6daff251754,debit,regex
2026-09-11,Dhaval Govabhai Bharwad,12,Other,662010843660,," HDFC BANK 
<https://trkt.aclemails.com/v1/r/n5WnQBu7kTshOK79u7xPHI27HOmv3U4CjVPIkitTgmjp8ZtYeMqLr1DDjLW%2F8igHnA7IHkOeZf5FT6le0%2FSc9aBFmZOc34QGNREUlhZCk8HmzngKUwl2zrW3QpTXJ8a7EP7rhL43Ce0b%2FU0c2Nl9lG2vQRkiI9AaucbxYog5QHpeYj4xS3lJlHPAN9DHJQPLVDnuMFTPoPT68ujYcKiCL9K4KIaCTUqgDyFoUX%2FZLNYEol%2B7UcqExI4lXItU0WBJ1Ftd4lVEIZevG%2BRYU8oKPeKATj%2BLRwkBCQdndgwcHhTbFtphnDk2z5R2C7dfGuEkWRpnQ4NPhMle6y4psJoZrwaGftZXs8iMjEp74gvVPGzjicUrSdgIe1w31zfXmtgAb8L8AzAzISDpkkRzEfbZkg%3D%3D> 
Dear Customer,

Greetings ",1a08e9ca7e492e7c,debit,regex
2026-09-10,Mcdonalds Hardcastle Restaurants,208.96,Food,661906647039,," HDFC BANK 
<https://trkt.aclemails.com/v1/r/LgJ%2FkbHN6NJCG%2BcFi9JfYmdhaRHmxoQrSr7xBHYxtdJh%2FlINyx9JSY3RJxgAnTS7NKypXhmRZegYcWxzE4sdwQbRYZg0ACVZCBzxlz0iOwAs5M%2FjZd4rH6UUJ0soCDd9CFuhtTwoDWW0YpB2%2FCLqTO4hPPZ18%2FVwpuiG8a8NsKMkS5m63IyZEpXjGmEaqm5sXfrpR%2BdmUuqkTik%2BVblApULlQO0K6oeCPA6NuOwK5ZaJ2zRL1TlvnT7QCjOja0fvVjxpgeOX77UNLF785%2FqCY9P9PQ%2FI9sU2Y7Givp%2FEfmQqbxtV%2BYESBENnx5nI6pHDU%2B6qNlgPWkgFbCmmUPpx6jrjJHNM0Nx6GitdoGrsNBDVQeLJSsboyuxaQQ8GMmkqYEuZYteEEqitbbIUPMXjUw%3D%3D> 
Dear Customer,",1a08be42209bf568,debit,regex
2026-09-10,Naimeshwar Kirana Store,85,Food,661903884868,," HDFC BANK 
<https://trkt.aclemails.com/v1/r/3JYOO9klbCcOarLKp5JEAsomJTS85Di3uMnNw2jcy1tL0SoX9gfQYnaldcSux1St%2FezDPcGBOahjq58X9hgEz%2FZRWAl8uqWlQDBC2uoMC%2BKBykVzRN6PAKc%2B6%2FZJlYtUEBi4xkS88YATXTrI5wYff3ivWrmrhsVMw3m%2Bj4WL1D2xxrvswWXLVKyIOulto8u6VmEX6a6sTYwnQF27YADnz5RN7b%2BL8jSrhoboQIbSDr%2FZF6YiLrPA3fwxKX3miMdDousXvtBDRMAwusbQdVxzeOq28cyd4zieFW3XCRj9pPX62piPWD5MuRKy%2ByFNue6VCboOuihLriUm960T3pX1gMgWtNMSyVgsH9KDPuPIsaB%2BDQTHMuEixVG0FnB2JQ7BsAPAi0vFiTp4ukFq57KdKg%3D%3D> 
Dear Customer,

Gree",1a08b786e45c5825,debit,regex
2026-09-10,Jay Kalyan Caterers,12,Food,625399062737,," HDFC BANK 
<https://trkt.aclemails.com/v1/r/lGNDyaHDR77O83BTyizRJ6rfPGeyE2U7oV%2FeihxwQQ4pQj6MsWsWeTCL6RKdcDKh%2BHL84qhLLe7jcu98W075SalG%2BK77eEivLFy2gtGkWxCKzU6REFyPw0w%2FpF95MQznGDaIxI0Nw54UPgYeDzEVyKsC1gTz6JU1V2JJrQ%2BgR5Gz0tkv6gwNi2NtGcTDIOVCFzwhLoTPSSlh1D%2Fqwe9CuB3W9Vxcl4vF1Wfm7L477lqIQ0yZ4oPj9BAOTpZ7Mf1UTGAyjm3%2BlUEdVTFEttWNZGZ27R0MWJy5pLgWy1sB0R5JFqLIvZJpiq8xnWMpdJB0fQ34JKEi%2Brs%2Fl3Wb2sD69xvlRPkl8EIPBs%2F4oRBP5DxUNxip7PblA%2B8gDUEzR4%2BTwZ6USQwqq7sr7K4o9ciM> 
Dear Customer,

Greeting",1a08a56a4a9ebe44,debit,regex
2026-09-10,Jay Kalyan Caterers,110,Food,625398715731,," HDFC BANK 
<https://trkt.aclemails.com/v1/r/E7MWA3Ye4m%2Fu8jjdxn3z0eeXTjDInsAvDQBGQ9TSQq0MEP1BaY0eYmejtu8q6%2BcQ1R84p%2BelDwo5bCHOjME0zz2OI7sB45ppFo%2BrPEVgQGcMHAtMh%2FJNnQqgVxhGRb%2FQvvxo6XL48a8TIN70M09xVuOZ5rvc3zqRLR3pZ%2B%2Bkz9sL8tYn5JZiCJ5%2BP%2BTd2EY2Vj2pqftuie06BBslJ0%2BG2fkYKAJqgIbcfYafclDh2FeWygmaJnxo9RYovYNhoq1unaPm%2FoCvA%2Bjq3TXi7hzCbPsDfFr1%2BvACap2AkqS3n5OtLIt3mZqy7n8f6sGsCimpCUdWl6eHsZNwUBG%2Feok6q4nF86VatEvv3q33q6o4DDAUEuqU6UL12PzBQ7iWo4AFC4bHiruUJCTHBBJOSRJ45A%3D%3D> 
Dear Custo",1a08a42ac0420620,debit,regex
2026-09-09,Apollo Pharmacy,239,Health,625292785400,," HDFC BANK 
<https://trkt.aclemails.com/v1/r/NWAcu%2FnPlJgIimVUmr9npSzQUqws1%2F9QGjNhGhDr%2BeJyXil%2B7mR2zjysRJFEr9ZCasUHJFK1BW0GCggxgCb12OPWZ47u%2B2UEp72xpmhJGi0eX9s1cYFh2cjgyVfAAnv%2FIVc2jIZ2fbBGFqH4%2FpycvrmWImiHizGOEXw3syu9key4P1PR%2BbQ41NbPjqoKjVyOTwSlMygo8z6%2BH%2FbuljU%2FA3KCqC5oEMs6oYy1BY2s06S%2BqRNcn2MbSau%2FtLGWynNUT7Ot2ok4XO3rgb5hSYivjQ37ZsVK2tjWV9utj030ko2vn%2F73wxdAvUWyeArQDFqTknt6feZBkKBsMQNB%2FdUhvidS2V7aCRNXOejB1C6Fd%2B6HlzZSIvv4GOJy5mLG006MZpOfhqyc7%2FWSCOpGCvdl> 
Dear Customer,",1a086ff1ab8966b7,debit,regex
2026-09-09,Mohammad Maheran Rafikbhai Mir,80,Other,625292603192,," HDFC BANK 
<https://trkt.aclemails.com/v1/r/NCyb4oNVVF9IvAn54qGdL0Xpi3wGwwy4oRtwpQO8V64JrbWzNkweNxc9CES2mUasnIN%2Fu6sSThcbGrbDRZIMbA%2FcxD4Eo98O4VzK5YdS3aigRle9l6IlGjaN4OAPBhptGsu34ikLOaC8Vi%2BwliQPIBir29aHsV2eat4YkBaZ2Vyt9q2wDstJ1Gf%2Bc7bAPZdEsXZ27ZZ30bbxSTHu31ByB9lbz68VHJNiiLbaaBKbVdC6uiNsSXbXFh68KM%2FaelFcUbddJt6bu7BQxeDfzpl8PDW%2FhOdZSRX7bh%2BLMzjQi0VH%2B30c%2F0CaPdCebSnHHX7kszPWanRzUrchg2LdK6Z0ZAzCFAEO5rCcr%2BPc8HCQ8PonA2jjej9zY1jCx6dUCYHbfANpbNNWunnqxS8RhCP28A%3D%3D> 
Dear Customer,

Gree",1a086f41bc78a3c1,debit,regex
2026-09-09,Prajapati Hemantbhai Hitisha,40,Other,625286070085,," HDFC BANK 
<https://trkt.aclemails.com/v1/r/1xLCKYVeA5hPeVCmHCGRUodkud6SKTAMY6uJD%2FUsJGU2i8IuRXVg76PmrW9TnsuvcOKnpqFM6j7Zoc6C8RDG1uIIwIjVbZTD%2BxYPHg6DwjKeE%2BITvEc2j0bELWlMzzyKc%2FGDOaGdhyRhxZRUnBdVE8z%2FKNUgjFxD%2B8HMufNwIIu7oiZMm2yoGonmJk1ckGAEz9PyuzHE8ZJGQiGdHexbW7q07R%2F0SpulpjDjXtPF9jpLzB3VOl0B9B%2BRdN6fzfpoml2NbNnBSB1CE5kxL4pPX1YE7Klq3yktsdwRK5mmNFB3ID7ftxyPmCRHgGG%2BbQlzsuGGj4kM1VBgQX5ykdusE55t%2FvdeAELAV4ZuWeVW4i0t2jc6QXq0pwF15F0Rvd4%2BmxzRiFtwSxxPYJxGA8ODaA%3D%3D> 
Dear Customer,

Gr",1a085c95a422c0cd,debit,regex
2026-09-09,Batham Hasmukh Ramla,20,Other,625284044574,," HDFC BANK 
<https://trkt.aclemails.com/v1/r/dfw7IhxLjh%2FTWuoH%2BYs1TAxo91TlbpXKzDwwuiGpSYL16vhKvgpd69S0Qhl%2BS0fiAhGyID8COV3qBayD3e6wTNK%2B2H27boR0dtK5V1W7IApnzHICpRq33oikQP8Sbep4Gt2En4qKNmzOUdUiJnWiADLFZKWihNe5472Kj1sn1mPIOgLJ2eztf2Bf8L%2Fh6lrt%2FyfGbQBOHT01nCA7FjeMY6ZW0DtCsf%2FIYsW5nYvFhoKecB6GrfrawryKytOu2bnEcb3fxnC9%2BtUmGlgsEvsCdC%2BjNAdv%2BpGXrm4PdAKN2itC%2BEYEvN7E2aMi8lpGIxckfhQSZVRN2tHnVprywRSfD3AuwCmtq75SvuS4rt1RQkCZpwx%2Bz0GSV%2BuKDjP%2Boor58BiAVq2jhJk2P3uGgYpm> 
Dear Customer,

Gree",1a0853b1ba55794e,debit,regex
2026-09-09,Kan Singh Gurjar,30,Other,625283516993,," HDFC BANK 
<https://trkt.aclemails.com/v1/r/YR90VjQj%2FSh7CRq86W0aohBtUQ%2FRHzIbq%2BIF4i8yQVON3gn1UcjIG2nvh85LRnQNfR%2FCre5eXuMZGIWB%2Fb4NvRz9%2FaCY7vMDmaHvHUi7llA9pKM4oLbP75oLJqiB7VU7VlldjFT10L5ps%2BV9AVo%2FSAEgr3wr6CfRPS5X0FugPf%2F3rJA06a0IyhUwPXrO6xMMP%2FJRoL2WhMDhCwEQNQJ0U48N077puK8E3N8PG8dDj3NpeF8oEpL1VtvJbCcYldwykJe%2FqLYKIOOntHrZQAplIEhBzw79D65JWalTuK%2BXTsIr7qj04cWupaPSzdEAX%2FQVzzhFYi%2FJe4aVgV%2FHfawlJ0FyTsevzQx9VUYrV8FaBhiO4mHMbXpYvK4qijcpJQ3VrMafZ6MiiIb%2BuCJcmYr6XQ%3D%3D> 
Dear Cus",1a0851cdb47fc289,debit,regex
2026-09-09,Balaji Chole Kulche,30,Food,625283496490,," HDFC BANK 
<https://trkt.aclemails.com/v1/r/C0UTcIqO7IVmLihLzlsb7j2CoWYqbTiR%2F9%2F2zxrxBUSBYX4DUCmE3i3IiomNf%2FsQJQN0Sa8G4iMN2tUjbrnj%2FkX%2BEdBSQeDGKuSuvTYJDNCqlcmm8uaA3qwJNx4Ulv6Z0GM3NOJ1lkR860N2Je3M49ywjhAJyu110WKFAT77G3EEfr3Ma8VLQVm6VSYyEf6AVistxY09kDfQhiTfNZ5VFhdVUWpBOMXKbGLiVzQmORiWO2%2BzNwwjNdxMGYV6zHUstUusW51ClAkgzTsQPgioe%2F%2BBiG%2BHBbTFlsOjUtSGCQ3FHKENFNypO5EtSAN7Fql3SGzHQTfzz%2BiQJJrqD1kkuJ1q0pqbaQeZlmcsBXPbSJ2xVlRJ7sXNnQGaRjByMOr8jOiAym4hnfLW3WX0Wqd7> 
Dear Customer,

Greetings fr",1a0851ba8297a501,debit,regex
2026-09-08,Ashapura Enterprise,25,Other,625177731690,," HDFC BANK 
<https://trkt.aclemails.com/v1/r/A4jL3V5LfK66vaukuDl0a67Vg%2FAVl93bDFhx0vjJt%2BOOzfYLBjy2IdhvEtNhRNaIAhmz8W0FNJvh3Gp%2FCcYZc3qRsHOqrItoZpOFw3dDMgTABPAKvtgG04iGMTVNaiRSJ37O6iItx2Q%2BFyWYpfyixtm9WCec9nAeLa7G6Gb3GVqfr79p8lOmeW4cbaEYr3ZFyHSTPCEnLNXrWi43g0j5w%2FGq6%2Fb%2Bv3i4kVrhWXsVEd6BXKkyjuKT1ERoxcDTSh%2F7jyx%2F%2BZBbR6EQ4qH54ZDWNz1p1DjUF0bizf8Z9GM%2FGAw0k72W2LPgEiONXuKcx9nkMpdrWIPzDiumtQuSGrDQPy79j6WSBFTp66yRMkSr%2FY2G3kfsZ67wGaxuyIouqqId0MLstwWkwLQwOZ7xxlRR> 
Dear Customer,

Greeting",1a081e6d20566cb8,debit,regex
2026-09-08,Zomato Media Private Limited,155.71,Food,625175714581,," HDFC BANK 
<https://trkt.aclemails.com/v1/r/t5kNlbCqEdQh4ldFtZACexURvj8t84Q8nom7r1cn7GsrkmnldgTR87nm3QUST3ALoXConiOeZjSiVefQ0A%2FJn2JbmHBr%2B5m5bB9K8JBHOsGtW1%2B0S3H2jlM7HnGVPYfuRBD83BJrILB6n%2BCI1muQS9m0k%2FIn%2FyJ%2FAEA%2FoafLupiLCt0Lw9d4EeYzS2rFQTH8eWUx90nCqeoTglzfC1iulaYkhZncTOx2nc6tnRfynH%2BJaxq4tmeB1kJHqirATHg8LoR9temhjociSVRQ2QJbGbPZsPoqvwm7DupnY9JTWXkpUXo7trtiTE8dEVjZTpM%2FTf5WGJ9xpKUUmgp11OgtAWNtcUG8f6uS1Lgkt6lGVHDcMRh%2B8fFer6PpwKWiInUcAynfLjRhDs9Vop59lc20%2Bw%3D%3D> 
Dear Customer,

",1a0818255b7d187b,debit,regex
2026-09-08,Batham Hasmukh Ramla,20,Other,625170980522,," HDFC BANK 
<https://trkt.aclemails.com/v1/r/%2B2x1n4H%2F6Eeaf0Sl%2FgwD5i5IucHEXkJuCt8KCw%2FX0grMnePmkFrPGqLsXBnS6Q%2BohhjQ%2BvjSVdk288CItkmcouCk4n63PkJwzDZGaiSnNT6BGN21kqH4m18e6AYkKQuyIgqd8ESO%2FjhOOz9%2FQeCUocud0FGPPXBJefa0f4YBKNmjzhbRq1pyv5VrrQ%2FsMegu1gDNJhA728Zyx%2BFLcE%2BHS05K3UojxsHIfonIV0Ma9UAOBB9C%2Bpy5F%2F4Gl7tUjH1Am16vN1XxUdPPcuX77HJublkxz0vwh5qxSI%2FfczTBdr6XLd4ZfO%2FapYmcygmhrx%2BET74SArLYvTa%2FCqlVQ9LQAlB9%2Bh9F0je%2FLBjTKa118yKsIWotUlTsZbN444Rq3V%2F81qmSRqw96sK8bLKjeETA1Q%3D%3D> 
",1a080ab1f95ed13c,debit,regex
2026-09-08,Batham Hasmukh Ramla,20,Other,625168737260,," HDFC BANK 
<https://trkt.aclemails.com/v1/r/ZlTvVO8F649hxxlcj3ZpGg4bPz6GV17BZGW%2FJlhpEDSqPf2ygf0ZqD9pEnkRIzmzkZP0kFb3Sc3Y5pdp%2FuCS1ixRArUgCtBoHCLx8ZkxQqKuPgO3TAhWhG5jPh7eT3DaCQbNRHMkLmFBEtLdBro183A5oI2G2RiNN7KQJfWCjOavktjOL23jC7gE9ZKHhIcuutj1M%2F5q5vaWjG0WYn1unryDy3tj10mZfH9HtS8VqlAda7BB1jaTfbM9TdCIkRzYZ5sQ4jjdyIcWdd8I6VksLn3JlaqEX1DahixkNdc%2BjPLr7lotqPC6TployZ9Dmpxa3ZEdvIdEI7Af3YsITQBmRIROwMp2e4WxTHi7T6CKF7HhCd%2Bi7GIS5%2Fm1p29Y0QIqghjkBLxuPwZN0EGFhsdoMw%3D%3D> 
Dear Customer,

Greetings fr",1a0800e7ecdbb55c,debit,regex
2026-09-08,Balaji Chole Kulche,120,Food,625168627825,," HDFC BANK 
<https://trkt.aclemails.com/v1/r/HR2KZnuy%2BHcMcP5DzvH%2FjQCiFJDdv0LcvGFU5Iv2wDaYx4ZoGsKD7MXuruTeQqEVNOywMrs5Bv4Wd37S9JYWJ4b5MKVsH1k3LGxY8trDMlhrHN%2BvNUOJh567ffpl6IDSOHQdxwECIde%2FKaCBMJ1WZs0l0amz2oLxrz40bOl4ZYZYcVJ8an%2FUA%2BOJyneL8RDmt8HwcgWGcd3N4r474UXY%2FyGWLYeiYZ7P8uSQxdIw5%2BVk3IhedpWZORw%2FAF%2BQgtCbC7rc%2B5yYTYi5%2FwwxGo7VrEqBNVxJCz1VRMpYpWAJ1PfHp%2B%2FLsllAWqyMKrWU733NAuc6cscJoyAUMT3SlGisLBKUK0%2BGcJtJKNr%2F7pyTSrqYsT6t2rYAmX0k8Ju7oSgJfdwh6hiedO4KRDKyIaRazA%3D%3D> 
Dear Cus",1a08008260d6bc35,debit,regex
2026-09-08,Dhaval Govabhai Bharwad,10,Other,625165071332,," HDFC BANK 
<https://trkt.aclemails.com/v1/r/YtjanpF9sat9BK2IZh%2Bo1SIQdDUMm2y6%2FOcL2eKKTyfmTWrPgjkryBl5taYJSNYIbuOucBriut%2Fza7RAUsc5WDnDjialKBgqRMnrInPQCvzsUAobfi2HEYTmV5TkJec48Sae0QqsZBBg7US5pI29MuBNohsvPlavIPfSYS2ZdslOk3WbT99SMnX78%2Bo99WD%2FJe1Hfy2ALH5ESlnZ%2Bgpi05i6XCYT%2Bc%2F%2FT%2BRoJDR6caokivswTMJziQyWKUJeVnCRR3J7kNbyhwii7fBEF5LpC%2B7xlbwdJRIC7wI8F9oCD0mQcZwzxPp%2FaF6fSkK50KKir%2FzFn1DQL%2Fpq1ML6GjuEjIVJzQpQEwaFEmix6smc4S3mese6sx53%2FE4W5FhRhIQkqSy0FZ%2Fwg0OzR9AXATTJcA%3D%3D> 
Dear Cus",1a07f1da3153c079,debit,regex
2026-09-07,Ashapura Enterprise,25,Other,625060785798,," HDFC BANK 
<https://trkt.aclemails.com/v1/r/tWsqIR9xObGb8IEQbJ3VbpOoAiCX021INyqhdN13pIqZe6vkM1CaLnCEa0FoudDDIDik0%2FlgFANWqtvQuhxqDtGsg7dH4HYY%2F3A%2Bo8ajeVj3MFHGGZPgK5SHMm2aTIsQE459KcWOPitZpPFMiae43xQEvIKMekyLIMnn4iNiaQ3oKiY2hj7v%2BS75geKkZT5OgzTJ3GTxxk5SnTMMtIzJpwzBSbLBW7tWjeYgc1%2Fm8qxms0H0HJ1wOyFmPD%2BLUvrRllIYupkDthB9YbiYAy2Sw6rgJ4zrHbPNcQJTxD0tCntTEmlxV7St5J6pZBPLCYSpBc26%2Ff%2FUGwHIrlLk402RQuA3q8rB%2ByrKUJGFSl%2B5RdNCOCG9wgH2Ph0BTEYFXjGVAlNeitjOKwlZml6JnOfHNA%3D%3D> 
Dear Customer,

Gree",1a07c65cc955314c,debit,regex
2026-09-07,Batham Hasmukh Ramla,20,Other,625053573184,," HDFC BANK 
<https://trkt.aclemails.com/v1/r/SBFFDAi4CaPl5iMEerLhg2KvggAXZV6mvvLIVnwPy4Yl8r1UTzB6C%2BDbmyeLuS1FNn1p4jrsE6i%2BE%2FOXHx3WtwxM57pMpVq7wiaz3g2uVuXO%2Bp7iq0i0r7PFQ1deEiMHkA4aAi9yApGZtBKdnhGhb%2B2N0IkM8So8R3ipzqRUZc0GbgIs8P%2B1pJuwhSnKQwT8ufXZKxUF9cAY0OawKpQ%2BYBMSXc1%2BKCdcoWXh%2B7luh3s%2BEMr0N%2FOdD9v0JXXjHDnRuaE8Y8wYWDM5jZ1hR7FiGd%2FzVVkE80cpsyT7bGnLoqom7%2BcxrUd1eZdDN9f3O%2F9gPNqXR%2FEf6%2FF3QO3HH6ypxUW6FTo0EjESXiJkAOH5I96L1ChKaKe%2FsdQ1TyKovPwDFYnfXQLmeHHdPRF%2FdlBjgQ%3D%3D> 
Dear",1a07ae6a0283b7d9,debit,regex
2026-09-06,Binalben Pinakinbhai Hathiwala,13400,Other,129159596291,," HDFC BANK 
<https://trkt.aclemails.com/v1/r/L9JwT8bJai6xN9s%2FEdnHSnH5oLXAhPzkqKscSQpfi0fWzyP7%2Bu3aiaJGmeH55Zds92oeGM2aSOkXOf7qyzHLlbcEHGeUx2OcxrLoHtYkL0y8QT5VgSi1lqKhPhyUuZUG53L66F8t82%2BmsVP%2FwO9jhSNkoOMKccQXDJy8ytx5DMWHWJROjy%2FXsuG1W3alSQhhUhav%2BGL%2FOv5Lg6gYvCMjt%2FBqrGlFW321ToQQ2EZeCk%2BOrrSSMu8CjQwNf4EkRtlOn73ecj1aglIpujsLKIGNz86bdZABkFyZvWQS1oOgDN6kmIjKXeqzQIHUiBQjlFC%2B3Qo3CBFKNhxbOxLTgMBYyK6Fu2mFMvYf9uHxgU%2BN8GtOi1GUEefKtNudpvbCuh0JSes1pWDfpEs8JMtFurZ4Lw%3D%3D> 
Dear Customer,

Gr",1a0779f8d716ba41,debit,regex
2026-09-06,Zomato,348.23,Food,624945566487,," HDFC BANK 
<https://trkt.aclemails.com/v1/r/TLot6YYKqufcb9oq6xWu%2BCYMjkXR9elU6tFvTdch7SLjGk6XwTV4OhNQPvZm5402I0zE1xy7LbIOlCWEVnRlTKkD%2FlVIBekM7C0Klt4mZXGCqEyizuR3PwCVogAdN6QCOUP54Ejgrzij7n1bSF600odyKdNW8%2FAgjPuhJhtVl96byN7cvbaCu1UMR28Nj9zv8yetVwiGGRsrUDn6AcKe5HEKR0ua2ZXVzknPEdxUCHkkYO6KqfCKYngsjW%2FuwP5uzkxvIF3RczH7PbcXrPw4ySkj69g6e4gzlFmQ1iY4SNZbJQahHCcut8aV6I%2Bsogk0495ZZNY8l6DtA82%2FP9R6o2XmVzYhfWEbC9iTcrHE25Zmkff02Gz%2BQCJnxc9I%2BLatPhH0nAPW7Wh4MYo7Je3%2B%2BA%3D%3D> 
Dear Customer,

Gree",1a0772f30373319f,debit,regex
2026-09-06,Swiggy Instamart,120,Food,624939417934,," HDFC BANK 
<https://trkt.aclemails.com/v1/r/7OxsXMXiGjuU30C4%2BTTn5gEiwWHHMNV1MrYl9Z9VIS7EbYcdZf5hr5K4KfyYxGPmHwaJsEuymf1obartN5CjA35TuX4xIMKgyWvdSSvrQGKJFqXxFi9Q7JVJzsmBpIZH10NdUiqvSKJcBDQk0EegM6sGOOUBZMzv0loc1dRQewte9opRzpVWKyQP8Ag4VDPR0uCfCceqflDFx1lSRzfJkGdGU1PuCuqPoDZht7%2BMHTtH4kwEB47rQV4soCqyO7a9Ch%2Bz7pO%2B5WmUDzngzjAFmr%2F1pT4pSwhTg2lF635IkFPl6adRViM%2BjfJFGfHVzf3KqnkwCH19ACQNGAvYIXqF7PTcEojt8FgPtjZN9%2Bmn3kkAs0DqVrIJasNYlwkU%2FI7s2ABBWgVMe0e69Ob84s6gRw%3D%3D> 
Dear Customer,

Greeting",1a075e7e6117c6e4,debit,regex
2026-09-05,Swiggy,159,Food,624832887071,," HDFC BANK 
<https://trkt.aclemails.com/v1/r/bz7xXNIRQm6lzwRLMhLhtaNGMb5esuV02RgBKs9DXPHDAAVyXt%2B0Ndb0Hw4QPaxtmXpV9L2LAoqkzSynbHCdb5Sd2F05JRR79s2eLxkms6mEfp2gVf77q2XziPvl%2FzyjGLh2XztREWigDf7vCD4RnLZD0UVd%2BNK0DznGCtodfMIEZfnlo9%2FuW9MCt39FincKbL7H%2B%2Be0EZUKk1UEHlzvbgY4PnxwlsC2GdmijPQHpA%2Bt1r4YUhz%2FQ0GlFXCrzdVZkpd8AUHu4CKPG39yshcSzqa14zAS3qS1c9%2FzCKnT5c4OhC6zG%2BFQe%2FxGjaNR7Nl5JjDxDx7d%2FCqLp57h564UIJtm2pYaGP6bDDccZ2QSg60Ny4hU7XeTsvKHv29dR33nzFP8mz7Xcc63zMlbxF%2FDlw%3D%3D> 
Dear Customer,",1a0729de431d3c0c,debit,regex
2026-09-05,Highspirit Creations L L P,547,Other,624828819018,," HDFC BANK 
<https://trkt.aclemails.com/v1/r/R6fdV%2B3T32%2FtGhIGv52LYOCDeoYaiq0e9MvqpjQNnOrto5WSkYZT%2FOw8nUTFvRHhEkj3%2BS0o8Dj%2F7Z5soppukJZrNMmRLJlWs1OV%2FauSbb5amveNsc28AjncusO5hkA8xUlt%2BnRgxqIz74J7ovm%2FmQXZTSztx5pJ9BpjwH%2BRBgi6dsMuQ%2FdLptd%2Bay6HH0NfHpgLpS0BBo8Y%2BxiLWg6lxlhEF3HfWP7HUNklKAspppuqdllAFr%2FYvlMLTF4XwMkWPAoK8YR31eUZN0RAmNLdLK2w1dvnSILlvDOYOg1DefR4%2B59LDZvqEBRLZtDq9KsYrN4RcCx2nc5WegFqMA5m4i32%2FTW%2FUKdqVW6LVO1zua24BvtlM8cS22WGvazUNDZbw2F5B0x5uykZTyhXDuXdBQ%3D%3D> 
Dear Cus",1a071d033a5958df,debit,regex
2026-09-05,Trends Ahmedabad Tdn9,10,Other,624828221551,," HDFC BANK 
<https://trkt.aclemails.com/v1/r/FSWQoGH3%2B2lA7%2BzQtS9c2ufLXDVxLgysis0ltd5bwhhC2NPPXuYyU7iSh9FXY%2B0%2B1wyJyFIBcOfkUagiw%2BhKpwh1t6VxgdK%2BVck8BmwZzf6TRT38zYpnmqtgRbqaQpCuGJuESjah4APyUkdY%2FyzuKKH3LJgwwNBMSf%2FwACkjBXTHU%2FSnCWrc10HHB6YwiyIslJp9RwyGIqmx9BIQp1xnzbxrc1YZWtc%2FRRAkeAGl9iXN3kMwvNERV0o6g0BObzU0pbSl2zW%2Bm0Tl%2FinsUJqLx2%2F7bszExM0rtpxdlBoGUlX8p6rmZ7rc3DfCHSGOceiHKreBd8gjKddoDDMBxPaYfTs9hciTg3WCh8%2B48lGyFNRkxIIUgqeyyd8ErXoCUMmVp0ZYxQdAR85TVw%2FdDeRA2g%3D%3D> 
Dear Custo",1a071b90d7c7f1af,debit,regex
2026-09-05,Trends Ahmedabad Tdn9,799,Other,624828206377,," HDFC BANK 
<https://trkt.aclemails.com/v1/r/AgdZ5at9BC2ldqc%2FDiDy%2BhupbNL4FK3TNsUt6hO5iIupoIMAt%2B9b5kClQRstPjm6Oq8dcnAMtHw3271t4PYRgyH6sKbE6BJRJPnAkN%2FMYkq2kG4iqs95ki1%2BsqPmtIoHNk0tDiDtU%2BmZmJrxJKM4UwldsW4pJoCCjh5Gxvb14kUn74ORXTiOSqD0BpYAC%2FCKBUaszHOIL1PRvJfcWdGRe8uql9jNS009QXhRjs0cfVQiOMW%2FHDcUSbjALj7DoW4OTyzInPpjZhHSWLsY2nHD8IMWLP%2FrceCZHMiDEyqB2OeDDeWVtToQOV0qqabyGUo1eIoG0rnSHZPe72EmRpoipUtdctN2n%2BQjuDLskZi6ZQVRTKi1cpi%2FVzNkXFrZv0MxEBGHP27rYBjB1aizPGpEXA%3D%3D> 
Dear Customer,

Gr",1a071b86cc350254,debit,regex
2026-09-05,Kamlaben Babubhai Rajput,10,Other,624827443397,," HDFC BANK 
<https://trkt.aclemails.com/v1/r/2KX3lTlupnvOFoq8n6%2FMskCJ%2BPw6B%2B%2BdnOsM1tcc8MF8rVLjTo9CugyBmuBfZC0vtBEq5M3vpyjSoPdzhgxTdetSAbNzGDn1qXf9XcYQEhlvEDFThifFnP3cgdKFKmHe91%2FPIcNaYt4VFrSyxDLh1tyCVFIHu8MQhuCz%2BZBshqgV3DIB0g78ZXl3F1C%2B6iptgElD3JcQ%2FfnfgR1fHr1J4L7HglfREYRnpT5Nb6yzn2WDzP3pJQRijfTHIQwpBFvbtKBRcTRnInTAWPRCfDs8MWAs9HP94XCBoXQMnFPT%2FKwKdwMJXPLi8iMf8l7tbJBtnFvtUTcLEOdzmLsszkJ2HIjuZfMtfdvAjATBEGv3Nyi9P2cjdMdZHq%2Fb2PjaFyWL%2F6EPtR9oREUEQZg7pJFalg%3D%3D> 
Dear Customer,

Gr",1a0719769084cfd1,debit,regex
2026-09-05,Aepl,98,Other,661427802880,," HDFC BANK 
<https://trkt.aclemails.com/v1/r/geud%2FKVfQa4WYcWHW5BtZ3EKLPvfBCVZIcwqnVJfZqwWC09YbOquMJxrE11XIY9e2eIfCm8QS2M6yxw1FoLhkRxeRr5mBHphs99LfRnDHZ9EQm2ys9zFFGGdMXXm8pU3thvDthiWLNRxLpNdf%2FzTjhN%2BLFgpIpogO4K3n7E3P36fciA6zzMki5wET0%2FRPR2mMaVd3B2u2y%2Fpt7qxDeicKRmBDevGtF76BZ4gDBpxSap3YhjYmorXEnlS6nuZy5ImQlcjTd5aEF8ROJXdl2vf1KhV1nPdrLMYLQKatbt8SKxhapjerTfUIpwsv5003FQqcZneHxUrKmkVcNfb4D%2BTglnKmVk2umn1G7jLnMhlE3R0Bg%2FE%2FpEFKaB67N0dQNiZcAxlsRdzmYgxjLT5Q1i2mA%3D%3D> 
Dear Customer,

Greeting",1a070830a3b7e92d,debit,regex
2026-09-05,Swiggy Ltd,148,Food,624821249789,," HDFC BANK 
<https://trkt.aclemails.com/v1/r/HsXildjpZM47%2FtvCYYmWZ%2B%2BSr5aI23I8hPPVENiV5rP2Hiac7kBrLpwBQG61H4cYUy1YrvtmU6EyBrxaWlhMyMQjIkv6syqthcZyOMrNep1VbjKGcDdrsZnZocsaJ%2BfR%2BTL8hELEIp68d4XzZf51YOrx7%2Fs3cqmdZiEqPkts70gM3L06MyTzqNTW93aIdjup3eW3fGhzc%2F0o8e7QUPD%2FwaoDWS485zIVdVFGErGMyOsTepXE1c6OvVigAM%2FMfI6Dq7ibatEZUYVKwnWoKo4did3%2FfAyD7FK%2F34JY%2BsyhmJUEf0BGFiVDnz8tDLyqcUp9sGhkWZw0InkTM5RHnproFWqyy3C5Yd%2FTMozDZVTs71irbZ56d2HVwgjfRKgU3tJNbg7QCwKGw5BdTgaa42s2vg%3D%3D> 
Dear Customer,",1a0700e3d020cff8,debit,regex
2026-09-04,Pulkitbharatbhaijain,135,Other,624711443314,," HDFC BANK 
<https://trkt.aclemails.com/v1/r/HtVC4v82E8m4Lz7EfLu6PcGW0IeRxM4NdPyA5zdtycXgbxWXnRvPmVWzE6Pqiyqwufpa0%2Frj1m%2BR6Fd6JGFNtwl4X0N33iUPfb1NPUpriHM5VgXS27ZcCj%2B7jUPojAQ3W7NqmtJM1ZH3HS14vJJMVdBZxIgZqvKJSALG%2BBL4l4sbHS0DFdt6oG8Ok%2B7CgMKmulXDAP0YIgL3Go6bnaKuD9GSOhklR%2FZ1CP1usvdHZ983zz640rxbcNvo2Oz8wwCUGy6oGuUEu%2FXEreXsHXihorwEHwimEnhXNceoxh9yjg2uHYhajBo04sP%2BkzRQ0c4C7B5YoORD%2FuDeT2wg4oc2tifFTduiojd2Kz4CeC6QhDHvuTe8xAWX1Am27EhG6pgfUCOAGBhQXzNvnFDn%2Bhj5%2BA%3D%3D> 
Dear Customer,

Gr",1a06c2f149413bad,debit,regex
2026-09-04,Hardcastle Restaurants Pvt Ltd,125,Food,624709118289,," HDFC BANK 
<https://trkt.aclemails.com/v1/r/S6LMIVPzSMUVpMeldXdHOh1xwjYVzizmf9ubcnz4RSODZWu3ztsjfV5ho65UcGLVWfGVkqg8Z%2Fv3DauC6WSPaECKUonPgQbM6Uf2W%2FEMI8Czisef53I3Ew97mTcTkameiIW6JwjajjKAxJdYQNVBGuBj%2B5aqu8mcyMnJd9rKvEy4h9wBaR%2BlpQE315da4%2BGDlYveAEF%2Btipzqg%2FZZpEpWFZuUnU3De4sG6w5MepHtxGVAPk%2FZkVXuJwYhqpoXAMonCMQuZ%2BWU7XW2yyfqHGJaph49%2FJs6XiwyXr9pIsTS9%2F3b7Z7eWp4DqPD17g7jVfElQWrfIkdSJf6yMmzRS3tVq%2FJTn8icWBIagOAITXQRuNlhUulAGNF5aFiT7QOrdg87z1hw3aYfy9JmXD7i%2Fq9xw%3D%3D> 
Dear Customer,",1a06b8d746175d8e,debit,regex
2026-09-04,Thakkar Jenil Vasntkumar,500,Other,624707357781,," HDFC BANK 
<https://trkt.aclemails.com/v1/r/RJ3nf%2Fu81%2FHhpbkrKRiDqE%2BslW7W%2FUfMEi1sJOu%2FRF%2FhKuLs3Bnirh8RRNv%2FUgWJHNUb1E4pbXTxMlB5Rdd%2FcMAQ28kzC8f4s3IJv9%2FL0Bu2N7dOXDytDvaOXTrHf5Z0xBMDpXmW1xjZJcoVPXuG%2BIY%2F15%2Bhjw%2F8Nokmp90Gf94VjIPjJpR5S3sI1xpNstXSDTe69%2Fk3wTM3B9VG0P7MMmM60vBYfEkkyUScu1wFFFU%2FtaqlnwgxwCyME46lUk5uxlAa9XKB34y%2Bd%2BhebU%2B8aYO%2FVm%2FkdLZScZXcI%2BrHbQylXMW6xwLYuiVS%2F%2FYoN5GagYneKCfv0owNDhvzYEpYxX1YhXziP3IOgzc7R9MluWG%2FO%2F8UGhZgstdKPmVf%2FoVIBJTXcCanURZg5aj5YoB",1a06b2018e9a5375,debit,regex
2026-09-03,Kamleshkumar Lalaji Bhoi,20,Other,624601724785,," HDFC BANK 
<https://trkt.aclemails.com/v1/r/P9Bqe2Fg5uKqu8JaSkf%2Bn7g%2BACQ9ogRcdUaJR1VSivoXNAEQEZlYSsLVgGdtvPChX0rRq08TN2HK%2FGLjvVfGETFjF%2FdpYU9W39x0ZTalYYZ0GXIZjSQKQhWcFle7457FAVAVZ8eZObMYAHqSYGmQ8dp%2F0J5TZqeGAM2ChOavMFdLT2PiaaBej89HfwxeGu1edkDLgRqiZx%2FplQt9wCDZj9yRZZ9Eytcf4jtb%2F%2B6OM07r3B6K3g%2BzlhVe0Z20ts2KrEyKhS4sFmBRFRo4w0W8UaVXbIwKr5bSrqiqElNXu%2BWir0HFpduw7rSKpkm%2BCuY0wANKPNPDweC07IQI97kmikvHdOQ5u1MzIknfnnpmsOjBvI6FhGxCuwCxGHdHM9w0kAAhA3m9uEAyQY0VVfkGrw%3D%3D> 
Dear Customer,

Gr",1a067f4256967d65,debit,regex
2026-09-03,Ashapura Enterprise,20,Other,624601661831,," HDFC BANK 
<https://trkt.aclemails.com/v1/r/SskhF4yqAIbvfBdwtFbXO7EUD%2BNVRVaBeg4a1t0Aa5Wjz6FqE15az%2B3pChV8oOV8jGlgow1DE3MNpJWBh5%2BJ4xWAWOJ7Ft3U%2Bz6Q8T4LIY3qE7tDpaQ%2FZWw99et5sBYOZ27difutCpyIkd9wzEfuZYLYXWJESkKptsETe8udrFc5ZwajB0aQ4SVy7VH81%2F0dg%2B3%2FO02V9WRIP0IzmFXtV4ZWPEiomwDwpnuYXI0qj5PuiSlWHw%2Bo8tJqJKw0efL6JEXugNKJgxpvH5yfbZC3%2BsQTaqb2AgQ9GjLwz15g4u6D9kCUM%2BwwIwfcoe7rRNELM7k4oJihcNDe26E%2F3dRiMK4tz%2FIRun2AYtFkA7Fq%2BlTk2pE4twdpPRe0cAbqICIGr6f6nbmL4JjKUeyw0HGH%2Fw%3D%3D> 
Dear Custo",1a067f114ddd0691,debit,regex
2026-09-03,Batham Hasmukh Ramla,20,Other,661295805529,," HDFC BANK 
<https://trkt.aclemails.com/v1/r/nsn84%2FFGMsmgVn6RyqB4yHGcu5wbh8JhGEeAXiTFDAvGQG3gTzjG4H3d6VvOkb4fLyVMtF%2FWr1edDYHpT7LV71Zh5JG5aQC86i0m74XSowzP8JoynMsNVFAz7bFeADf9AwjinMMWZUIjuAsQpSF7aqOltm1es9%2F9kFuIg9SnIU2yjHmIlfFLJIS5m2LwcoUO38%2B94diqgH00k6i7vLS9GV73yOheznAVBjLbEnqM%2F%2BDYN6v9F73q4x75QTiBzEocv8Jqa94DJFMvmWTbjH2hkmkkaZWwk3damGxDkxnX91AKMZCUCtnGG3yoULTDb0yT4w2Ucdd5j%2Bhfu8Q6OmES8%2FDY6xxq7eGax8iz0tQwjCzMOQhmFzjbtH57dRwOmSLQRdfFTw%2BpO0vGFYyXoh1%2Fbw%3D%3D> 
Dear Customer,

Gree",1a066e28ddaef563,debit,regex
2026-09-03,Darshankumar Prafulbhai Gohel,20,Other,661293718594,," HDFC BANK 
<https://trkt.aclemails.com/v1/r/w%2FjTRzY14nVonGnKKwZThU10uk0XL%2BXxrZ3SIeH%2Bet3fF6U4F4GgJZspr9F9UO%2B671M2CzL7x3H1JTZ2z6zlSS0%2F%2BZI4mDETzxQKBEQg%2FtXbV7TBRlMED0R1H20r%2B58pQO1JmVkF7Oi7jDFC9gPCgZB%2F4j9VfQVafaRStaBv5%2BkIOsQuA3pPrFuvmr5E0xW1yK0eb%2BMBdEPZg%2BoHCf%2BwAS7V%2BuptKsicfNVbn4YS3ejZUjGPjT6o35r9UCrQEkir86%2FylpV6uu77R5X57NpFMzL7IsI%2BMCWXboKpGMCBLhFDipX4yd6AtpcFg5fNyqaouYqQnGYiT2DUHtIVLtSq%2Bm7s8CqLuNkxHw%2B2j7u9vsfJevCCGx3%2BLqcki7kgBm4XKIz7c042PfuZy8NwfTi4> 
Dear Custo",1a06650815f6500b,debit,regex
2026-09-03,Mankad Anshul,150,Other,661293590409,," HDFC BANK 
<https://trkt.aclemails.com/v1/r/ZYtDoFqsuvhZpcPe19fL0QIwZhBlE4JYh9ikgg5pL8oomBxE8BJHrkFRW8dRtObpWP%2FGLRFr06TfflrvygOJkS2rk7gaR2Z7CW4kAWhGpoa4vYFozIrKaK8cB4h0DTHNypu2jAT0LxbZiwMdqJPfweHBwq1XBpBPrUAMKjvMzg%2FzZ5I5fIphYCER4K1fH1UgzxaOeNMLOd8n9GITi2mBaaeSVe1%2BF9xS3h8uP2wf8ypU5Ib5imXyNrdOU2SXg73LHBhrprXVc%2F3sEQ421yiekHRcEN9rPdGnFYSoplYNDOk6pu0RWbqn4c2WsBNI7BervpzyV4iW4GDgOcf6C7Fm8rwVsC5%2Bqf4YRMMSuuIBJvh1h0zLVdpenoGF0hMqP9cziob0x1UKSQyJ43ujPtY3Jw%3D%3D> 
Dear Customer,

Greetings from",1a06649025596ab6,debit,regex
2026-09-03,Apollo Pharmacy,35.6,Health,661290159676,," HDFC BANK 
<https://trkt.aclemails.com/v1/r/EZbQ0R5N92AlUT%2FTBY9PASTJrQtXLIbJ2kWVO24p4BPTsQuzzIGjPVAu5LpvX%2F3uP35gPTV%2BqT23KV4MMm5peJmNLv5ubznMgAHy8FNPN3ReTxNcw7XqbcBrztAV6sBzLinD%2FxRyJym%2Fif0%2B0s1GUCQSXOuS9A0CGuXLWl8uNoPpBv0bcfWil%2F%2Ba4He%2Fv328Xs1Ax%2B6SkgcHCYh6D8NX9djOJtw3dt751al%2Fb2u6f18gpoIAt1yQq4BofUGKz97U7LP8%2BOjdexy0T28DM9jqaRFCX4WKigMPjgqVKrbxl6fCTWg5y0n7AKqvGvWCupBUsSCN1R4hrPEh7vmSylQPJYbqeWNXZY7RbyWe%2BY8LZe9aadFRmXeJNgrAaZtKDzw9Eb0qUZYtBUGOb8xWwF1XDQ%3D%3D> 
Dear Customer,",1a06561b30e9f23c,debit,regex
2026-09-02,Mc Donalds,291.9,Other,661186271074,," HDFC BANK 
<https://trkt.aclemails.com/v1/r/in7k5NfBFasYBDvzwwY1j9isWLSANm0AMeFAdgbRRSICS047NVIzJHH%2FLfVebrhNDT4ei4LjnHxuTHzMA%2F5NiIIgCvjWLbKTwcIUuQasj0izch1jhCAPv7hKuf2lElbNkCMbOM4sLEkbIpdsWa3ybmyDmAqpmafczYeIWRks5urCrkcVdJEBxtPcMYy65vEMLSqEZ%2FPFukEyJpbOvve4V8DLk7OPK%2BiVSeiq5htjd2hA4K1AZ6K6WDDFZA%2FPfmBIgpYzl4H9bAA63gXDkwTUb1UcYUI6hDXLiySBwORatFVwmgClCptYSPnqnRvHlPe%2FndVDKaIuG6CLG4niBzDJ273uGMBSrmfijbi%2F3vhk40HLt%2BqyyPxYH5NhzawNte4Wq2rfd8Qdr%2F4Av1pnOFa7tA%3D%3D> 
Dear Customer,

Greeti",1a062b32cbbac4b3,debit,regex
2026-09-02,Batham Hasmukh Ramla,20,Other,661178979613,," HDFC BANK 
<https://trkt.aclemails.com/v1/r/M0wv42vc%2FR%2FbUZOpRAksjTnL8d9LpptVVxAiBvJ1Qx4cM9htphkgfmLxXmw3hKVBvA3%2FK3YcoGrpL7K69YIUnvZ%2F8iOFjwOezxAHAXMO%2B5kIySgP4IMN4bDgL%2B%2FhGQacqx9sifaR9wFg%2F6Wj7yY6hg%2BAsEWd7m%2F58yRVjQe0Gsxg%2B4fGCAQPWrN2oHhjSUPL4GUDWJcT0cAchyt6AyXw35sXw2D5JCm43WM5VxVqBoiev10sl1JwbPqn38DCWaMOyAwkM%2BXB8Z9vlFBEVPshOckr4CJLzbkR7yPByAvuuWEKVVnEnsGyaewzXur82loGMNT5jIcdnfCVu9eTu%2FSMDcApV1HjQvPOjBExZ4f1vWKK6HJ4EXbvLPTuL7jNUDz1zLGsTyEVyoej4OPZVMq6> 
Dear Customer,

Greeti",1a0612c6644ae270,debit,regex
2026-09-01,Balaji Chole Kulche,160,Food,661064130295,," HDFC BANK 
<https://trkt.aclemails.com/v1/r/Nc1ytIeWCfWLSrJPjdH7oljOGUsbC71p3kiYidqqZD3IZh975MqcCAh8iBzE%2Fg9cWajorwb8nxsN2%2FKVylRp84tCC8fCl9TveyWgbo35ioEfUWduIZf5x4BncKwPT33sZvX6qeJpHiTJ3urjrIwpwwjldKGNaVc0KBQHgegYmr1b5nPcxzef9VsBimL6S7eS4LWA0FoixPeIHKeRi4%2FbhWY3T0LiuZvFkqZ4MqzQmPWxIRWYw9KvkvzeBjpBtD8L1ZBx4D2ZivK4GJedXHThS6BsM97OVKktWymS5MRi06Huko3cOhhJsNldDnSBDXqsUbPOOp04cjzaPmfgQDW6ZR%2FgwlCItgSOtpDTnIMLuDSYgt%2BVQ3bLHvid7YvSvfoi9Jpfoj8F5nYEA%2Bf4ODsSQQ%3D%3D> 
Dear Customer,

Greetings fr",1a05bfca194db8f5,debit,regex
2026-08-31,Kamleshkumar Lalaji Bhoi,20,Other,660957967768,," HDFC BANK 
<https://trkt.aclemails.com/v1/r/MZUtIRFk0nVX17gjLcYFEvNlareEvGtYKRjSWvQfYiqC9MMHQIL1Y6Tz%2FXMzw%2B0TeZsAOkXjaAhaA3HOS6oxmk3c76E1qUFATYVX6A%2FJWvS5bI%2B9sfFIuiQ2fyfTlY0L3S6ESc32r0uiJhCxKOxFXb7xQf9lYNGaDnWJorO8gihZPsf5aQhJt4YSUMROXOu1dUTen5s%2F%2Fglnbt%2FvjcQs6VqHzsBrVMPXBAvXWZz8DZL4Tr%2B%2B9Y5hCFEiOULtrcplDwmY5eDN9F3rf4jFRXJGVVYyZ436VqM6qGIAmryp1aOgLGc2Quw%2FNICMyi5FCwjf622ugnBs5n4tHGVfZc0jf2s6onv9bkzSU2zshQJEAm8Fjowd1iE5Gf5V7RhLYAVK3UHRRxo8uGiNHLsmOAIjVQ%3D%3D> 
Dear Customer,

Gree",1a058960c3406b1c,debit,regex
2026-08-31,Ashapura Enterprise,20,Other,660957957291,," HDFC BANK 
<https://trkt.aclemails.com/v1/r/6Lv%2B0aJ%2Fr2HhQGf294b%2BM6sb5lZtjyhUMYb2774aeWMPBPzY7tdOasDiI3XjljkKFbfdsZ1GF6rV6%2BbXYQqNrq6ryV%2BpTBvKcwOQpxp6p9T%2FTKeQaQ09m6Q3IWrSuRgFAs7FlWPXDgDQoSg27v2YIqAMiIXICGNTY%2Bk81cPTfkMXvO8%2FPACLUi%2Fo3B5A48Dlt39%2F%2FzcqvkR6ni7xJoisc%2BPFnie9BKhJCfoclqeDfv5EDc7NSzOPV%2F%2Fxm5cf7WUoNu4kv5zRs7ST8%2B24qnDikUs2H%2Ftff67TWzRo5nFUhhnLPEKolyDa3qy5HJ2siEn1I16BdW%2B2GQPoW9h4aBQpEUyQOsz%2Bvh61RiMG2m7yiV5F%2BNsC5RZRlv6%2Bk8hdGr3QPWDq7Ly4aijOtNdyuvyvFg%3D%3D> 
",1a058956d8f0baf8,debit,regex
2026-08-31,Batham Hasmukh Ramla,20,Other,660949921786,," HDFC BANK 
<https://trkt.aclemails.com/v1/r/Rrgwvt8scaJpcOh03qjYopT%2FgtuMYKta9Loj6%2B6cWE6eIxBF3jm4hAZ8vxWBeWl2beBAG7BSh77sj4AURRWnckN0I4pMKWuqpV7zSGzJlvhlC6f1Rwef0K1InLPpbcDWulUEBQVKS1uBJ4bH5ov5HLgfMmfMzx%2Bb2DJYz%2F6kvXwk149R1csDTsg9ueM7dOLhBDydiSw57qgWjfeVhwBF5QNocPR3Y3jwLIHzsgyllwLdbLWDvTM0kLx8nypFBqUVxLY6OB%2BJ1MRgkKf62ux8ayce7WZ%2BVE3bb9t0%2FSNAT4C0GRqHlwme%2Fn5qWpjaGfvG8VrE7NiNSGTWVVF9sMWvlMz6aLZMxESBtt7BOz6kIMYnjUygo9GqtdoUvusY3lFJPTjVvhwvouIBzUFeCUewUQ%3D%3D> 
Dear Customer,

Greeting",1a056d2c881977ca,debit,regex
2026-08-31,Balaji Chole Kulche,90,Food,660949857454,," HDFC BANK 
<https://trkt.aclemails.com/v1/r/qADfJ4xTEQcYY%2Bxw%2FSfZIjvP%2BEgH1PPfCcpMdcNDHP17ZAJhRys455z71o8annkBu%2BWWEL2wbO%2FE4dYr1PqLdWI%2BCyuzAPi0QblpA5mIWfucKgwxoc71t1m9DYFhXBgEvpVm5tMDBli5N3CIM4l2U4cQoTiE70jDzqT3wYnXki94EjhQz1a7CUUVppswTEC1Y2td3vOW9H32bVna4dwlsDDcDtEovzAZ308hvSrwl5gL0oqBjvJwmLgFepiVPsPlmnL9cW%2FMguveJ7R6O2QiTByWL%2FWu3OeFDjftRTjQptnIi1xK%2FqqeZ0hRKRKjUnpsrRRL5qighWRTJujboepGW9Cw6OGi1lCDIPb0jOrAO8X8IEMrilY8g3IDKI0p7O%2FirZMd5mw%2FkNCvqFWsK8L0ow%3D%3D> 
Dear Customer,

Gr",1a056ced32e56b6b,debit,regex
2026-08-31,Dileep Kumar Yadav,95,Other,660948084302,," HDFC BANK 
<https://trkt.aclemails.com/v1/r/%2FUiWWbQ%2Fp3fcC3pwxbDccncY9w54ZPqbr5g0AV5NUgB0SpahTzwgCPUHZiKPZKOkXUUPAHKidDhGYlBTGFOvAdFLh8KHt1UIDCEENgD0F4cSl9JGUXFN05G%2FrAJztF4mFLvYQgwM4O%2BjuXuLQ2dyUmoiFG1d1k2QknWxmQr4L7JJ5FsgYgI3%2BAfJoZdbFWZu%2FdSkgw%2FQcuHvTH5ILJrOueUD2UOuZxwh0%2Bu3MPbGcRcsruTSD12OzR7syQMMX8NC4%2FQQrHmZpyvB4CuZO3lW4zwU2IK6nz89aLr0TilFEBDEgCHdA8vddszaNanPY8K%2BLuNJqxKFb34AO8VF%2FYWlqieWrxUJQSl6WsVwaaqqvSzD%2BeaaCTn5hWgf%2F0VIvLiLzw%2FT8ElPPRk78WXZxBmhtA%3D%3D> 
Dear Custome",1a056542a7a4a31f,debit,regex
2026-08-30,Zepto,59,Food,128742945026,," HDFC BANK 
<https://trkt.aclemails.com/v1/r/BZMNodTGXL6ZZ4Edv0uwmS7tdSxtIsm5HpekMgX1mF5CwZAT9rlZPil7jHnN%2Fum56j91R%2BuEWJzbSe4zYpMRN2Bm6n15H5MOxhpwe3ADN2vgBfIiBsQwPjklKiJ26wCY6Uljwt3G%2FGm6yo04wpj%2FC3P7VKnwhfodVahFqKHDGe917qLqQDAK8wVpI%2BIWuRB0Q24Do7%2FrsBOe43uXFlTnlkD0fm1KENVhSObEoS4OMl6%2BWE3y4zhLjIET8IGKWsXsTFY6ABXX6JggieUmQYtTC75fvb%2F8VeNAk%2Blfb7KQF2gM%2BuHVMfZlCuHvWocHj%2FF%2F3uifMWDwtOfAnsGZSZQsVg7yeBI99JcF0%2FkQZnNIXnB34peJ127uL3goi4g8U2Ef5Mi1NO5UX24SQKQK4TRo9g%3D%3D> 
Dear Customer,",1a05226021b42d3e,debit,regex
2026-08-30,Divyaben Sanjaybhai Valu,1300,Other,660836239150,," HDFC BANK 
<https://trkt.aclemails.com/v1/r/JKYf5sD%2BmhM5jWK19nRSp8egPq6TOYNHa0N16r2M7YQzXIgreXPaFP0ZquuOL3DdpKKIrVKdoGya5dQ6ZzA3Vf7ML79jd56hVTxKqkfMAJePIIjPUkjb6blflqse2bLf2rKD%2Blc7ZFJdJ80Hq%2Briyiol8acmrb52KZohsuP0YJACR0Ajv8ym1PmUq62%2FKdMwm2ppfWeld2Kt3Wv0Ve%2FgZT1Dz0J67%2FOjZojQqhH%2FeFAfRwpch5KKhKr2pV58ERSrqc3oFT1Mch%2FxrqW8njiPQ9KkmWiVdfyplcohlmTP5KWrrtnqInae2ZHN6fIKi6XD1Js2PmyWDKkzMfgc8ch6SJPI%2F8l3Ii6ZoR0dCfWwQ02o%2Bj%2FS9QL8wlXqjvkIPWOddMuslds61vzSxOFrOYj8GQ%3D%3D> 
Dear Customer,

Gr",1a0519846631101c,debit,regex
2026-08-30,Dhanshukh Na Khaman,100,Food,660834762062,," HDFC BANK 
<https://trkt.aclemails.com/v1/r/PtmgWorz%2FxbYHTjVh%2FfcNEqCP6AgUd%2BY%2BxCPV%2BtPaTihs3jMdNOAW01GqAP6y50HUKchp1itnMD2b%2F6UsY4f7j89JPzyl2neMHOdnYdVYg%2FYjTAtrmMKbBLnZ6wnZYBfrrV26%2F99a5jDb%2BSBc%2BcKNdc1%2FQHqKOV1XM9G0fR%2BkmfX7qxqJmMaNK%2BC7JgDo5lf1gh1hi%2F8AcQQ6O5TslWdjUowBBg%2FCUgpMsscBwBGkey%2BJokHLWCFSfaEI7pFJ%2Bp6XaaSGNE%2F%2FUiQc2PnppNEAlkiVSfBdxmE4V6KD%2BNMtfn54WZZGDyPc5TAyJ53i0USqpAeZAd4fe%2FUoNuwdK4yL4A358bdLYgu6yloH3gyW5s2DRdWiXB0zKf4nWhNydsJS9XWUeVgQjqwkas%2BeJTOpg%3D%3D>",1a05137800faba02,debit,regex
2026-08-30,Samik Khaman Locha,100,Food,660834643226,," HDFC BANK 
<https://trkt.aclemails.com/v1/r/fhT6E%2BMl9gL2T9TOdFxS1o%2FxQLOyjlPpSEAoMozJitQI4qJ%2Bx6GtKO%2BXK4D%2FQkVj0YbyEG4u0CMA024cuOdmaWpxjg0OSHTOtg2lgPqLwAXTMaNhEkGMKtmvaAj7%2B5FGvgM5oT6DAZKOQldSC8uYGbX4ZMM9LoeMNIYO0vvkdppaACD9evH5JkV4cGoJ6wox%2BVrpU8e%2BAabH3d%2BOhMYVHzQHQbAHC6ojQChmGPQQTn1reLhB37yI%2F0KKH4r4Zf7kYsv607GpWlnfIp7UgVI3gY8nOzmrU01GLxcAYEe2bPAycwwzwmS%2F5AhXxq9%2BSpGK%2FF04d%2F93RyQvzKbMhS7deASs7mqQATLaxxU8xJDk9hEfr45dqHGtdkART%2F8R8CG23WKyLpZtC5oC2vI4Sz%2BrpQ%3D%3D> 
Dear Cus",1a0512fceb133b60,debit,regex
2026-08-29,Hathiwala Pinakin Uttambhai,1000,Other,660726317591,," HDFC BANK 
<https://trkt.aclemails.com/v1/r/KaYJfSe6dlRsGtFCkrFIJ0bcIc6qOiZ%2BWYpk8tXzj%2B%2F%2FrNxiLC67m5tRkRgfE%2Be2RXwz5KHXnl82I0cK5XHaWcEcLgA2BDNi%2FINnW%2FVVcoz2LHrccjdRUaKHlQJMq1LdKacUIl2y24wDUtTwTYzTnkoaeY%2B2XiD6iAmte1wPMq3GuP8Nql%2Bfm6zFNJZfU%2F0dh9H2WNV1ELrl%2FCFr2CpFGpVLs9cr%2Bh8gcW%2Ffq3PuqnGolROaLAlNciH37sg7enbz4gwLp1Gjz4CjRaWLGrq0Pceqov6twXFmIKkABlV%2B8d1zer8PwSzJlBfmV9cpKPC4r1%2F%2FCEoTBNBoT3AQ9xZBjoKOO%2FPlvdDoS3Efr167glajSyNPldn2AecoYufuvwsOCvWeTXUv1pgcG%2FUPxavtZA%3D%3D> 
Dear",1a04d8349079e2b6,debit,regex
2026-08-29,Parmar Harshit Narendrabhai,650,Other,128695182503,," HDFC BANK 
<https://trkt.aclemails.com/v1/r/eWwfW%2BOQsnTHpzwHBWT2r2ziuVih9DLUllcLLheDoayf1B5q0ag10bTN6sqbTvPp9sE4fUg0NTm13JHbn15Xn5Y4nh6u37G8Nj7xIDoSTfZlluSLZA1kqRb8yN0C3%2BBR1KdjqNeP%2B56PJycHno%2BsE3d79Ct2%2BOs9pDSeGuTMkheI65qvwCnMFDvoKjU7J8tavkm%2BpcNpoZC2q1X%2BS4oeYHzLFq8C0bT8hWzkaboCJXsx%2FvkNApBQB44QpV%2F0gYTtkConcAZ0n60Go8d96qX22joyQqFfrEbc0MWC3IVN6iA1xaE9KZuvfyq0e%2FjamJLgchmwCizwuzNOT%2BzJw9V0HA3yq92lzUVOdOmN6Pm4huwdMJFSc86wj0Xuo6PmPj9zZOgSmqS0E997WMHIvcag3Q%3D%3D> 
Dear Customer,

Gr",1a04d31bfce5b0c5,debit,regex
2026-08-29,Aditya Birla Fashion And Retail Limited,2003,Shopping,660724842135,," HDFC BANK 
<https://trkt.aclemails.com/v1/r/0Kl7IxsyZVUb3K0ZmDhV8E1G6Lq3f7KLbAAjJxIZNQs5lxGeZztPX4boqiXh90ahbk1fkMdqEs1LfVoRPOpPSaPtSd%2FpXQYiDkkxw6zn74saIiFmVPSQWA%2FZRqCN0B4tuy0WZNZE%2FKyPN%2FukK2Urq3ggMxhC6eVAl1RcFSdOcWiBYPExlUsp3toFkSpM0yHo1YfgPymdQvGlSemiG9oj7xjo1z7FBX%2B4kWp8dDP4ZNTONKTwgzaY5r6YMWagza24X0RQhFn2U1wlBuyyiiWPgkP8lNr%2BALpnqPJMd%2BHTakzo4FmqLXsEyJ918W8oKrIjAhRLD7QN%2BP1qmC2ggT0q14TFR3%2F%2Ff%2BKQGJ8a4ruDbHadfi8VQgEopFXFX7gNbOET0tn5Y13bV618biEKU6j67g%3D%3D> 
Dear Customer,

Gr",1a04d25810264e4f,debit,regex
2026-08-28,Arpit Narendrabhai Parmar,500,Other,660613056950,," HDFC BANK 
<https://trkt.aclemails.com/v1/r/k2UPKP%2FbtjOPfE6qP57W29a8rZAvavstUqLd6dnIai0aNjkan%2BOHyiyyELxBc%2FLKwtKJEKKVrwORUmdQCs3pOHh%2FpeLP%2B6uSninjO3b%2BghI5k4kcqTZt4BSdGHL0Cnp6w5aJnK23tiqE8%2B4kOow4ndDFhjzP0OqSTa65kbrIOOsZg9v1tUUOon0YYkUqExdOlF%2FjLg6sEUld%2F%2FT2HADBUSmTD5QaP8IJRrWDRYGIRnCNcSZen8m%2FvcI0TB4mUMNFjEuYcOe1%2FKStcROO%2BoyqxyFODZJxbtd793zLuGPR5hpriWfKRD2eXlBGVLMLDekvMuBzhDsUJK9dxTEedzOyqRdjcRGl8tWyEG9Yx9Id0%2B%2BiJjaojkHtKd3InCuFswLm1cTJNW%2FUExLgd5cOK2a5Ww%3D%3D> 
Dear Cus",1a0486c8edc0f30b,debit,regex
2026-08-28,Madhuram Dairy,120,Food,660609773622,," HDFC BANK 
<https://trkt.aclemails.com/v1/r/jcME8QkKKE4Gv%2Br1QsY7Jfc1DwZ54JtTvUY9UM8tSRIiWu3N2pNrjNIIC90RPCqnUEBuw3gfDQgt2%2Fd59MONuHvTmDXEL%2FNNhFU8%2B0ehI3vIxblW%2B6PnwzbNpD4%2BM2stxEYJTcXAXKL7SdS3nW7vMa1RCZQc1H5NAB0jmHRvBLsJeDo%2Fy43FT5z1D%2BMopwCESL1k7jNHbRoG1RJIMug9Bn8iq7WXMaAlSg%2FIi1OBKrsGgZQgW96ngJsk0NCCGnoqUw2xZAg948pjrbnK7tOtZgxaWYtBnx1YPU6iadx7xwm0i8%2F2B0LHwSYDaUeOlPkH1eePIT%2BefuO47HyM3gCJjyJHa9zP8JbUiaHZlwA9WyVMxT6TSaC%2FDOpjmDf4FQ6A0kS9w2N5prfS0IQFtnVVJQ%3D%3D> 
Dear Customer,

",1a04788f1e5385a8,debit,regex
2026-08-27,Aayushi Ushakant Dudhiya,1000,Other,128613849229,," HDFC BANK 
<https://trkt.aclemails.com/v1/r/V2TQYSpEJgbY%2Bh2H9H16kVRsZIuY%2BTygfWqqMfqpelQWBdZriDN%2BxCSJLteXxMNSi8cFnqqjJ564IPmo8Kg16tB8bMDzE2%2BAkIoxZOim2F94BCr%2FG5fsIJwuiYqrRL4X46GpSawtDrcZGrGjI0qCYh71jCHZjFgEDLvlPc36FFzEcLSldkvJ00QxN0OE6qXb%2BEJaMcdJodrE7TV9yEMzoZidSsPfmZpIbQeLklpdB1wKGJkRaxy8x7bQbMECkNWurXy%2F2pa0jFHMsks9dzGaXz4jAEHbSkjeth9MqAGoqZ4CvniHWhhZOc6%2ByXWt50gXsHw8rsBg1gwMSoHIcOCvk2vfP8kn%2Fp%2BN9l0l%2BYI2NiFbr7ubx85wuhAPGIRcwMAWnBnFcGsrnVNIi4mPz7X%2BEg%3D%3D> 
Dear Customer,

",1a04452ea9d3d68d,debit,regex
2026-08-27,Mc Donalds,168,Other,623995642194,," HDFC BANK 
<https://trkt.aclemails.com/v1/r/UUB%2FPOTdLLfEYhkBD31tbHDxsPbH8Qom6UAMd%2BHqXJiCX6LteA70yi6xVNe6V%2FNox8x5HkFiC25AG66OrYdcVzWySJFumzBOnglvy%2FZYBxh6k6XE32p7WltTnjWCnMjs2485rOH5Ph6UPhyA%2BTEZw5EuPZl4RxPJ%2FbbT4cjwTzuRBz%2FinLBd3UvR8exx%2F33wabR9e2cCweD9vEVZtj5jLc%2BmZ4MCgorEaQxwwfLJHfmRVXnIOu7Wb5PrZyev96zJ%2FUFAVpPYHOatpKjfLlDl21i0QSxPtXRHO8DMsM6Vkw7y14DjGo6mLRCDg2LUPn09UQfw4vNmbp4PORfmohT8nxHs9uQGXVxhfKduRNDXBzdBB0L2tDFBamg7T8CAL%2Fw4sbG3o4HGuBewCVpQd7SFIQ%3D%3D> 
Dear Customer,

Gr",1a042876ac1c9339,debit,regex
2026-08-27,Aditya Birla Fashion And Retail Ltd,899,Shopping,623995521531,," HDFC BANK 
<https://trkt.aclemails.com/v1/r/6ksZJ0aa2UcJ5MEl%2BBIMR3BHCKaCxcCfh8urnC%2F1HPwfn7RYL%2BtoliozhoRDlnoQdf47BTYfsNPJlPYqL27FEGSEy9vP9i1bNdguCGojiDRL9L3PhAlBsSNpM06GhdJfWAvu%2B1cQS0w7zgi9n1kvkFyGeeeBf1iQBQQqgVo5VHONron1NjyAhdkcAOBEn%2BX%2FWOSASNi7GrRz6lg4FlaUa9RuENvD9sAQsLsEtFfoW18cUlPScPWGQrHVAc0DNyMvHLjhneKOqNZroUS%2BRSSGSM4WhQx4j6fcpK%2BBSqaMJU%2BU9tpFtYZKntsju%2BdflKeDLx3JhkT4nd22FOu%2FqpoaNMo6VC5jjFwdNXJOlg8PrlNgdaXHtuGqXkIW5dEM8orCU2ILFmgCq2%2BPnuDfPwWimQ%3D%3D> 
Dear Customer,

",1a0427e774610752,debit,regex
2026-08-27,Surendra Petroleum,120,Transport,623995292456,," HDFC BANK 
<https://trkt.aclemails.com/v1/r/P1hP0drj3ihe9kVSX3lY6D7WQHKqKq3ZLDVeqSVhhsx2j2RjagdWT3uj82pn8jyZMjkWTNKKTm3bjtGIJJYvjuIiNal0CzaUSHAqoYUk4i68VwOrvYdW6WfhIf8OYVZ3hXNFRCCluMyezkp7mV1c4ROXWtL6BCj%2FEkRK2oLzetutVf2oK11yqmzy9vUxXBN3xWfi0Ad08Iup%2BbDXdrQf00ntJSiJCefoTOxC78CNcC0MLNBJzsk8wUhV%2F5o6MFu0qyNLuyXhJkPXMfoXxM%2B%2BYXby9sS3DJtzQrI5dmDQDYePMSMSZ6Pyp7HAOL1EZjXJ1G%2B%2FYsxniOXPy989fJE31yc%2FjnS7Xyc1Vs2SiOPL%2B%2FraxM0QW1oZeVvqQ36ICgD1HsGtAi8UIhpPZc9l2GtOag%3D%3D> 
Dear Customer,

Gree",1a0426e105c3a193,debit,regex
2026-08-27,Youtube,59,Other,161161592396,," HDFC BANK 
<https://trkt.aclemails.com/v1/r/Ov3DdN638LZooD4echrpgGHOrvFL9EQ6bR2J1sIjbcdm3sGzm5Ly%2BanD1CUHdIdkujEOFZNl7nLVp2mFPAcOZ447rlvEAR7tHGEfV79V7qsOt2Q%2FPybwvZjbsGLotHGN65mefe%2FU3cNlHnh6kaoYNUoN83KkO25iiRLWIC5vnl7Ep4qI%2Fzm4H9Ud7ZXFQwuyoKCbFic6AEWhQZKdwu5d3ro0M%2BXBjmw9DH2IX9L7jOQwQchHjikVdimIcPDUrTR4o8IdbIY25AvJWHsDol4rxP2kTqOnr0l7R37XWuaviRITI8gRg5JXHRZ3Zoppmja07I6gOtuAtoVqM8UnCMB9Oyt%2BpvJQA9VN3xTcAXlSz4w0KR8maMURh6een4oCwcMkxQo%2FgQwXE%2FEjb5mPv0McOg%3D%3D> 
Dear Customer,

Greeting",1a04256234177e42,debit,regex
2026-08-27,Batham Hasmukh Ramla,80,Other,623994409419,," HDFC BANK 
<https://trkt.aclemails.com/v1/r/690F%2FtXyo2sjk%2BzPttdyUiLmMMy%2BjRtVHr9DbU52Q4X4JPhBxCEGEurC%2FONv06dDbHjqaT8t%2BDIeI9eZAbIaMycZ3Okvh5CBj6cHQFP0QI2OddXfFKeeeOhEw6hy1GJKc3tRxk21WxS8538IN0y%2BX7h6VMEQm4d61g%2FgVj%2FkypZi8Qavjd%2Fp8qYgiaSlGKxTs9p1SsF3JZCqXuJB8e6gqyMCGgS6LMXRGa8KINDaMnENX%2B6bkzuwhSQQ60NsPoYUOpLJNXWQ%2Fs7zZR3cF1SV5rTxCJzy2oUz5%2BHXcDOgIVZcjxUpQGnzJ9hiJXhIuO8iCHyC7cMtnR%2FojNKYMeLhvXKSJQ1%2BnTDG9yjDg70%2BhlhGSazbPM8nI1jHM9tgI5ylgpnTOKivcfDiqwyzbRjYBg%3D%3D> 
Dear Custo",1a042351c4e4bde0,debit,regex
2026-09-12,AAYUSHI USHAKANT DUDHIYA,960,Income,XXXX,," HDFC BANK 
<https://trkt.aclemails.com/v1/r/9Ivud%2B20vbN1hDmIYdg%2FR8by5Or26jkInymNQB99mEKiaOw8A51ZB74i6RvJwhcL1z2xVVJ0vFmRpVsR26U8u2RUndW1%2F58xW7x2TyYGirTQydPBDsCFx9Kbx1KYIUGGdkZytiIBHHteJ9Mxs6eZPeQx8yxSy6%2BH50iv4qK5BuW3WUqF6ekl0%2B4QTbGSnZwtXKqGhPcF3BjML82YUTS0liaEEAV%2BVN8gdswjXGrifJgKBnhKWYlYvncbP0nWyPxlQysKzfv5Mp0L0VxtDhn2OxML7PDMERVOuX6QROph%2F8GIp64JQ04Qul34%2FQ7SR7z70rmZ04kcn2hjayeMOi2VtGK22WQ6FZyNI4Jsuxe93gGspn0H7bEKfZhMSq2aFrNSnUf7x2Aq4xoPZml1PDHgeA%3D%3D> 
Dear Customer,

Greeting",1a095be76c639536,credit,ai
2026-09-11,SHYAM PARAGBHAI RUPARELIYA,70,Income,XXXX,," HDFC BANK 
<https://trkt.aclemails.com/v1/r/V1yK6to6MXzXsSNGF%2BMQ5WOrDctXZ6YhkitDo%2FsNLEwH4%2F36k%2BZSzA65UBb%2B8o9bWlsZ7t1DddlaJOa3DA0o3yQP3Pr%2BLlSH%2F%2FSJsi9%2BjhwrKloE1sE2DaSp127LykJwqmk2XRNHe1iItZr%2B1sJ1p0F1mhMmewM4QU7%2FtH49yewn9gMNwLfFN%2B9U4QBcVfqYPap4oLWq6m3MjutchCgYzXJLt0t8E1KE5s6ouv4cgZm9Rp%2F6Z08ffImiUe3%2FypEMPcGgYuZpzUe96OMTkFykhf5bjVSPgYgQtbhcZVXanHz2gIczYSOK8Yco3zIAc0sP%2FHNLmQ1IxkzcM5EZm8NNKalymr17Y9qZhKLuESkKBFYPX7ov2aZbJ5hSSjH3p3REhCkGfGZr357a%2BrY003Q7> 
Dear Customer,

",1a08f808f0f9011b,credit,ai
2026-09-11,MANKAD ANSHUL,70,Income,XXXX,," HDFC BANK 
<https://trkt.aclemails.com/v1/r/t7QMi55XeHJlcmJyQfocAA7NaclR13OTkzO3nh%2Fv79VNCoQmKcLuAr%2FA0mL98WYIsT5N%2FqR0G%2F8ZQEPw8F0cFFDYczJaqP%2F9OQ9s850YHYH5tITwxoyNb297KcK8%2F78n%2FfYe4xnq%2FqzavQ10wIaZkm8WfRsoZ81BwDcxFdoSa7A8GWAYnybb1xAAh66vkq5VXtkgEG%2BKnFRn%2BuRSYKk5ei9MOPYsAe6stxmpnQAt8w43%2FG1tAwk5eF5%2Fhsi0otc3XR7FvwOpBq2xRf0eXMX%2F2%2B7%2B92e87zN1zhRVyqM72GTPYa6T%2BZBKxgLyHitprEmY7lpJDUe2MP3DR5MFUMOkDWGh9FqDcpPfHWoFqyWiWuqo2vibqARe54YE3zMXRrxjwxLSEciAbez%2BJwXraltttw%3D%3D> 
Dear C",1a08f7f7fd8103b3,credit,ai
2026-09-09,AKSHAT DHARMENDRABHAI SANGHAVI,20,Income,XXXX,," HDFC BANK 
<https://trkt.aclemails.com/v1/r/dFHON02f44jmsDRDp%2FpJrQEqBTvxlpj1BzNbAizJrYFdZ3RIY6CuD%2Fk5X0obcf4y4thAzM0delsMTynGOrecCAUYjCcs7ZsrvycJr2pG%2BJoDnsAWPl2GfccRagwfY8Fi5LnrH656rnBFO9BNwcFX%2F7psyvKmU3FDpCFk6ao%2Fq5x8FlLJTRxo3PON1L29Ih6X9mDLHi9aPyraFF7le%2BZVMYkLW8TdZA8PGrC036tkpW1JhLOmmdM3BmU26KOg00KDSAaEwWg%2BP1K%2FgcATUQQRcAFvYvw%2FgfoVrZWDoR81QFDee0Xv4kwxjMiAkjVsUSxUwuTXkdlGhEBrofINjXVBUWxXYXMxc0KBWuvG8aYHPq98o3OQ4TTQSIJvr76navfX7Q%2B9V3YIXMF47OZRRRA%3D> 
Dear Customer,

Greetings ",1a085205f0d628e3,credit,ai
2026-09-06,HATHIWALA PINAKIN UTTAMBHAI,13400,Income,XXXX,," HDFC BANK 
<https://trkt.aclemails.com/v1/r/QkV7KWKmxtU6eIyni%2BjLqA9UnNfosCVfIlpejOryIcwHRulCDaC1zlBx%2BXxbTuy4v%2B2wCrYH5aldTXdeZf70Vl%2BWKjFtfDvkT%2BpVJj64s0OwCqMpSUoWe7EvGoTVSGt0HzCH8%2FjzHq%2BLdLErbcLvn%2BKaly10e475%2F61JBjLhYMS9RZpivsuzucNGvqex6KA9rkY6vQ11QKm8yN%2BnByYeJww733n4nEaIqyBwHy3oN5FPFjGc%2FlXsRoiuQh362mM9cwmK%2BWH1izgOwO4HNKIv%2FJIzDQWmeXq0woUGlCHEGslWu0ixpiYqFDE%2BDiTDaXLyqV0UTggK5tp7tZKw3%2BFCps8Gp2n56gp96X0vMrh1ny3SacH7Ca2ckRmUtS8QXDVHUcQIjYL1T7s7Lx4x5Ns5Gg%3D%3D> 
Dear Custo",1a0779cf222fd715,credit,ai
2026-09-05,AAYUSHI USHAKANT DUDHIYA,270,Income,XXXX,," HDFC BANK 
<https://trkt.aclemails.com/v1/r/DFE%2FOxx7PDHLko2rsS7TjPT%2F7%2FlAuWp729oK2lK7RNwMXTrLOAkeYaf%2BrGfZTT0obKf36BeRHsFDsY9hLj03SROG5Jkp20fZZ4FiujsE%2B79aMgmMJj0PvRoO%2BjhzfxuYNPtSvt0tpmWuik4hY%2Btt1xz1VR0JxiCwFJJyw6O6rm1V8XEk7G32Jgwf2W1FRAsJZXkzabUF%2BeLJWJ1SMcPekwDVNxbWfvkuE56TRmf5El05wJPgXTKBuOvfW5cu9jaCY4IM8Suk7MeADZ%2Bzgqw12l0fnWgaFqABe3MWsjdjLudFMsThzwJcxroOL%2FvZ0WN8DP7HqY%2FmkFfZhEAz5rZcJDMFhRAJn0Zrlbz9WSb02JHwUdeZo%2FFzu46xbZnujgnD2e12Z6IzhbMmJdKlypF2JQ%3D%3D> 
Dear Customer,

",1a071fa0c61f3188,credit,ai
2026-09-05,HATHIWALA BINALBEN PINAKINBHAI,1,Income,XXXX,," HDFC BANK 
<https://trkt.aclemails.com/v1/r/s8ZSfi2NwAkkcXkTL5LqnQpd0zFDrAL%2FjJQp9ULYGKm1i6%2FfcaBR6ChXo0%2BpUdz13EG3Ak%2Bfg81YIvKo4iQgQDPgF0eeky32l1%2B7EC8rzRZr9tTetxCcIaxY8DmBIFXex9LxAYmxDWzkH%2BYGSs1UvEQeBJCHB%2FzUq%2BiP18COInCpad%2BC8rdLKSrnfzLk2WjNJ35N8oXNLMHTV5WJshqHIfYKhoavsGUpes6mSCS2LfHB4KojrgfXUlEcphKc8ysc1uD4A3utduYshhGOwlGh4B2%2BIEr6myISBcmUOKZIXV7NV%2Fey2d7IqBj8zkTCrGfHYmRxQW4HXzApZVTByCNBv3YbOz%2B7UCf%2BZI4Yi8fNpyZ0uEekkx8RoIAd4JFDYGirrawzoRj7hC1paZhTlY2dHg%3D%3D> 
Dear Customer,",1a0706fab1663822,credit,ai
2026-09-04,BINALBEN PINAKINBHAI HATHIWALA,1400,Income,XXXX,," HDFC BANK 
<https://trkt.aclemails.com/v1/r/wou54wie3wLMR66hRamB0IE1Scuuu65yppeY89CrJ0QDUWBhZBy6lPIlv3dKL%2B9rOYsYY28zktLxDRGfulZBYS9DXvp%2BC06eOn2ar2kJa76U1nwwi%2BwhqWMn7LocrqQlsPn6IFnXVhrVjtXP4%2F7D8mR9inW%2FP3GKgyU3RmRTrcb3phb7Bhwv7gy1D%2BTEqf2Nks7KuXrJjQVPpZB6T1e6Egs0AIqCj4BZkmbHk2BhghU3IIS1ZVLMjX8kMRtFJYU8YOEcEM834tRqNc81yENWMT7znfQRdss%2FMC%2BkjDlo9hjWw0kCshHnGBS1aqCoQwzp55vuebrCFmURaMZ7dy35KDPwkmif9fuC0NoRbRVxr1CGw1CHylGSwUQz2mexNcMMBM3hybuF0dykYqWEsTi%2F1g%3D%3D> 
Dear Customer,

Greeti",1a06c98189198a89,credit,ai
2026-08-27,HATHIWALA PINAKIN UTTAMBHAI,1000,Income,XXXX,," HDFC BANK 
<https://trkt.aclemails.com/v1/r/zJra7eQGdGF%2FYzPetetVmILQjZuavhyZA%2FLljbk0B8gqK27tZ%2Bws6%2FpLDuJy9R56esOucf6BXrt7rbxqd6jaEcbmpBQqZ6rol%2F%2BuBf59VBUfZ81Lyjr7iZy2Z70CZc%2FSp5feeel5JlxWDLM52n2bHnFK5xzWanw8XHF31HKYaI1JfVwlRknyqRsvey%2Fdhp2cuBO%2BvbqdLBLVpjdhtastC4U5WlPBP1d7jiiDYEwLra6eD3UHzQM9hNSZ6ugnB5wwgbhDuLb5Vek0OdV9C8ypyDgXFfyIOKvhjJ0NLCI6AT3YuxfA2lwofdVBBkqYBPuZ9TSuqAxIxGt8GWtVmJQSQBgQ%2FIz640VFCiAcWWSw%2BjFU%2BahFCJhJ%2BB6UCsRmEdKyDk2LZbz79r3yPcqjWWnRpg%3D%3D> 
Dear Customer,",1a04262940732974,credit,ai
2026-08-28,KAMREJ BRANCH ATM,3000,Other,,," HDFC BANK 
<https://trkt.aclemails.com/v1/r/uPtzBg7x%2B0ZssPl5mnBihF%2F%2BL4b87EDMR942q5%2B7CZPluDC%2FrzoklVaAzYa%2Bzp6uX5MDBcyZIOQNTMEU%2BLPviqj6eBGBA02aTfBJXkPe9pAYsE46wUjxziLiIzUNuUDOZnGDYRXRl1gnjgj70IuhB6S4fP7XeNkWd04l1OlC0jO%2BZuusb7quJnmbNlaBkRBANspSrgRbFA7Dea9M8ZZUMvBqr%2FBDyQOBm5i6%2BLgpoHHafp774nyCadiNQ0zKgroigilmfCBXRWSHZ6230IujBrl20fCfJTlNAKXbvPSglp%2BOPLxroB2KhTU1VF8kgjWNi6GC%2B9sJbdlf0h%2F9Xks1%2BUtfTKlSNjuiE51zE5IWbX8yV86Tt00hrlukwc88ZJx318IeDGY%3D> 
Dear Card Holder, 

Thank you ",1a046aef120dba67,debit,ai
2026-08-27,STACKDOT,19430,Income,XXXXXXXXXX3050,," HDFC BANK 
<https://trkt.aclemails.com/v1/r/6NvpfTWFei5t2QKFLO1W5is0hoB8ROxI6pkGq%2Fcs0cfGoN9UXx8ZJFXSe6UIJ9LVZz2TUXyt7s0vhHCi65217XcKGOZAueI%2F0Zw3Lbm7nfsN5vTEPepR9iD4PVBj5CQf%2BJ%2BbwJ5KaNkYdaDp3baSv%2FKE%2BxW6toSJiCdZBMkeNA11h4HgiSWzkD3PMwIv76HnDDSOWO1PQl3eCB8r7T84W57LzJVOq1Qrwtf2HHzQP42l4HJbxg%2Fk2TQ6fKnIMhK%2FJJ%2BYzjPBDrx3qP%2FDqpAMNtfqiprtZW7f3K4Klged9E8N1RYjPP9G8PUErkb39zng6jcTtEWhZTXP2oxHkT36sjfvBegmz1cBz6oJj5NIc1UjhvUvX2Hn4g%3D%3D> 
Dear Customer,

You have received a credit in your H",1a04449234d75c1f,credit,ai
